symbol,cluster
A,0
AA,0
AAA,3
AAAU,3
AACG,11
AACQ,3
AADR,3
AAIC,11
AAL,12
AAMC,25
AAME,44
AAN,3
AAOI,13
AAON,31
AAP,27
AAPL,34
AAT,42
AAU,11
AAWW,0
AAXJ,3
AB,2
ABB,38
ABBV,32
ABC,42
ABCB,0
ABCL,3
ABCM,3
ABEO,5
ABEQ,3
ABEV,12
ABG,31
ABGI,3
ABIO,11
ABM,35
ABMD,0
ABNB,43
ABR,2
ABST,42
ABT,38
ABTX,0
ABUS,11
AC,0
ACA,0
ACAC,3
ACACU,3
ACAD,0
ACB,43
ACBI,0
ACC,42
ACCD,49
ACCO,0
ACEL,31
ACER,11
ACES,3
ACET,49
ACEV,3
ACEVU,3
ACGL,0
ACGLO,41
ACGLP,41
ACH,3
ACHC,0
ACHV,0
ACI,38
ACIC,3
ACIO,3
ACIU,49
ACIW,0
ACKIT,3
ACKIU,3
ACLS,0
ACM,0
ACMR,49
ACN,38
ACNB,42
ACND,3
ACOR,0
ACP,2
ACR,42
ACRE,2
ACRS,0
ACRX,11
ACSG,3
ACSI,3
ACST,43
ACTC,13
ACTCU,0
ACTG,0
ACTV,3
ACU,49
ACV,41
ACVF,3
ACWF,3
ACWI,3
ACWV,3
ACWX,3
ACY,49
ADAG,3
ADAP,0
ADBE,27
ADC,27
ADERU,3
ADES,0
ADEX,3
ADFI,3
ADI,27
ADIL,11
ADM,27
ADMA,11
ADME,3
ADMP,11
ADMS,11
ADN,3
ADNT,0
ADOC,3
ADOCR,11
ADP,32
ADPT,0
ADRE,3
ADS,27
ADSK,0
ADT,0
ADTN,42
ADTX,11
ADUS,0
ADV,25
ADVM,31
ADX,41
ADXN,3
ADXS,11
AE,25
AEACU,3
AEE,27
AEF,3
AEG,41
AEGN,0
AEHL,11
AEHR,11
AEI,3
AEIS,0
AEL,0
AEM,27
AEMD,11
AENZ,11
AEO,13
AEP,32
AEPPZ,0
AER,0
AERI,13
AES,42
AESE,44
AESR,3
AEY,44
AEYE,25
AEZS,11
AFB,41
AFBI,3
AFG,27
AFI,0
AFIB,31
AFIF,3
AFIN,42
AFINO,3
AFINP,41
AFK,3
AFL,27
AFLG,3
AFMC,3
AFMD,0
AFRM,3
AFSM,3
AFT,2
AFTY,3
AFYA,49
AG,0
AGBA,49
AGBAU,49
AGC,16
AGCB,3
AGCO,0
AGCUU,3
AGD,3
AGE,44
AGEN,13
AGFS,11
AGFY,3
AGG,3
AGGY,3
AGI,0
AGIO,31
AGLE,0
AGM,32
AGMH,25
AGNC,2
AGNCM,42
AGNCN,41
AGNCO,42
AGNCP,41
AGO,31
AGQ,3
AGR,25
AGRO,0
AGRX,11
AGS,0
AGT,3
AGX,42
AGYS,0
AGZ,3
AGZD,3
AHAC,3
AHACU,0
AHC,2
AHCO,49
AHH,42
AHPI,11
AHT,11
AI,49
AIA,3
AIEQ,3
AIF,2
AIG,42
AIH,3
AIHS,44
AIIQ,3
AIKI,11
AIM,11
AIMC,0
AIN,0
AINC,37
AINV,2
AIO,41
AIQ,3
AIR,0
AIRC,41
AIRG,0
AIRI,2
AIRR,3
AIRT,49
AIRTP,41
AIT,27
AIV,11
AIW,3
AIZ,27
AIZP,32
AJAX,16
AJG,27
AJRD,13
AJX,2
AKAM,0
AKBA,13
AKER,11
AKIC,3
AKICU,3
AKICW,11
AKR,42
AKRO,31
AKTS,0
AKTX,44
AKU,11
AKUS,31
AL,0
ALAC,19
ALACU,19
ALACW,11
ALB,27
ALBO,31
ALC,0
ALCO,49
ALDX,0
ALE,27
ALEC,31
ALEX,0
ALFA,3
ALG,0
ALGM,25
ALGN,0
ALGS,31
ALGT,0
ALIM,49
ALJJ,44
ALK,0
ALKS,31
ALL,32
ALLE,27
ALLK,31
ALLO,31
ALLT,0
ALLY,27
ALNA,11
ALNY,0
ALOT,3
ALPN,49
ALRM,0
ALRN,44
ALRS,42
ALSK,11
ALSN,0
ALT,0
ALTA,49
ALTG,31
ALTL,3
ALTM,41
ALTO,3
ALTR,31
ALTS,3
ALTU,3
ALTUU,3
ALTUW,11
ALTY,3
ALUS,0
ALV,0
ALVR,25
ALX,14
ALXN,0
ALXO,0
ALYA,11
AM,2
AMAL,3
AMAT,27
AMBA,0
AMBC,31
AMBO,11
AMC,10
AMCA,3
AMCR,42
AMCX,13
AMD,12
AME,0
AMED,0
AMEH,25
AMER,3
AMG,0
AMGN,32
AMH,0
AMHC,0
AMHCU,3
AMJ,3
AMK,25
AMKR,25
AMLP,3
AMN,0
AMNA,3
AMNB,42
AMND,3
AMOM,3
AMOT,49
AMOV,3
AMP,32
AMPE,11
AMPG,3
AMPGW,11
AMPH,31
AMPY,2
AMR,3
AMRB,0
AMRC,49
AMRK,49
AMRN,0
AMRS,13
AMRX,0
AMS,44
AMSC,0
AMSF,27
AMST,25
AMSWA,42
AMT,32
AMTB,49
AMTBB,49
AMTI,31
AMTR,3
AMTX,0
AMUB,3
AMWD,0
AMWL,49
AMX,3
AMYT,3
AMZA,3
AMZN,28
AN,0
ANAB,13
ANAT,32
ANCN,11
ANDA,49
ANDAU,3
ANDE,42
ANET,49
ANEW,3
ANF,0
ANGI,0
ANGL,3
ANGN,3
ANGO,0
ANH,2
ANIK,31
ANIP,31
ANIX,11
ANNX,0
ANPC,49
ANSS,0
ANTE,11
ANTM,32
ANVS,49
ANY,11
ANZUU,3
AOA,3
AOD,2
AOK,3
AOM,3
AON,31
AONE,3
AOR,3
AOS,42
AOSL,49
AOUT,0
AP,49
APA,43
APAM,32
APD,32
APDN,49
APEI,0
APEN,49
APG,0
APH,27
APHA,43
API,3
APLE,42
APLS,31
APLT,31
APM,11
APO,42
APOG,42
APOP,11
APPF,0
APPH,3
APPHW,3
APPN,13
APPS,0
APR,3
APRE,0
APRN,13
APSG,3
APT,13
APTO,11
APTS,2
APTV,38
APTX,11
APVO,0
APWC,44
APXT,0
APXTU,3
APYX,0
AQB,0
AQMS,11
AQN,42
AQST,11
AQUA,0
AR,13
ARAY,0
ARB,3
ARBG,3
ARBGU,3
ARC,11
ARCB,0
ARCC,2
ARCE,0
ARCH,13
ARCM,3
ARCO,11
ARCT,13
ARD,0
ARDC,41
ARDS,49
ARDX,0
ARE,32
AREC,44
ARES,42
ARGO,42
ARGT,3
ARGX,0
ARI,35
ARKF,3
ARKG,3
ARKIU,3
ARKK,43
ARKO,49
ARKOW,11
ARKQ,3
ARKR,25
ARKW,3
ARL,31
ARLO,0
ARLP,2
ARMK,38
ARMP,25
ARMR,3
ARNA,0
ARNC,0
AROC,42
AROW,42
ARPO,11
ARQT,0
ARR,2
ARRWU,3
ARRY,0
ARTL,13
ARTNA,42
ARTW,44
ARVN,0
ARW,0
ARWR,0
ARYA,0
ARYD,3
ASA,3
ASAN,3
ASAQ,3
ASAXU,3
ASB,42
ASC,11
ASEA,3
ASET,3
ASG,2
ASGN,0
ASH,42
ASHR,3
ASHS,3
ASHX,3
ASIX,0
ASLE,49
ASLEW,11
ASLN,11
ASM,11
ASMB,11
ASML,27
ASND,31
ASO,13
ASPCU,3
ASPL,3
ASPN,0
ASPS,49
ASPU,0
ASR,3
ASRT,43
ASRV,11
ASTC,11
ASTE,0
ASUR,31
ASX,42
ASYS,0
AT,11
ATA,3
ATAC,3
ATAX,2
ATC,3
ATCO,42
ATCX,49
ATEC,0
ATEN,0
ATEX,0
ATGE,0
ATH,0
ATHA,0
ATHE,11
ATHM,0
ATHX,11
ATI,13
ATIF,44
ATKR,0
ATLC,31
ATLO,42
ATMP,3
ATNF,25
ATNI,49
ATNM,0
ATNX,11
ATO,27
ATOM,13
ATOS,43
ATR,27
ATRA,31
ATRC,0
ATRI,32
ATRO,0
ATRS,11
ATSG,0
ATTO,38
ATUS,48
ATVI,0
ATXI,25
AU,3
AUB,42
AUBAP,41
AUBN,49
AUDC,49
AUGZ,3
AUMN,11
AUPH,0
AUSF,3
AUTL,49
AUTO,11
AUUD,11
AUUDW,11
AUVI,25
AUY,43
AVA,42
AVAL,42
AVAN,3
AVAV,0
AVB,32
AVCO,44
AVCT,25
AVD,0
AVDE,3
AVDG,3
AVDL,0
AVDR,3
AVDV,3
AVEM,3
AVEO,0
AVGO,14
AVGOP,24
AVGR,11
AVID,0
AVIG,3
AVIR,49
AVK,2
AVLR,0
AVMU,3
AVNS,0
AVNT,0
AVNW,0
AVO,25
AVRO,0
AVSF,3
AVT,42
AVTR,0
AVUS,3
AVUV,3
AVXL,3
AVY,27
AVYA,13
AWAY,3
AWF,2
AWH,31
AWI,0
AWK,27
AWP,2
AWR,42
AWRE,44
AWTM,3
AWX,44
AX,0
AXAS,11
AXDX,13
AXGN,0
AXL,0
AXLA,49
AXNX,13
AXON,0
AXP,27
AXR,25
AXS,27
AXSM,31
AXTA,0
AXTI,0
AXU,11
AY,42
AYI,31
AYLA,25
AYRO,13
AYTU,3
AYX,0
AZAA,3
AZAJ,3
AZAL,3
AZAO,3
AZBA,3
AZBJ,3
AZBL,3
AZBO,3
AZEK,0
AZN,32
AZO,45
AZPN,0
AZRE,0
AZRX,11
AZUL,0
AZYO,31
AZZ,0
B,0
BA,43
BAB,3
BABA,38
BAC,7
BAF,3
BAH,27
BAK,3
BAL,3
BALY,0
BAM,0
BANC,0
BAND,13
BANF,31
BANR,27
BANX,2
BAOS,3
BAP,32
BAPR,3
BAR,3
BASI,49
BATL,0
BATRA,0
BATRK,0
BATT,3
BAUG,3
BAX,27
BB,43
BBAR,11
BBAX,3
BBBY,13
BBC,3
BBCA,3
BBCP,49
BBD,12
BBDC,2
BBDO,11
BBEU,3
BBF,41
BBGI,44
BBH,3
BBI,11
BBIG,44
BBIN,3
BBIO,31
BBJP,3
BBK,3
BBL,32
BBMC,3
BBN,41
BBP,3
BBQ,0
BBRE,3
BBSA,3
BBSC,3
BBSI,27
BBU,0
BBUS,3
BBVA,38
BBW,49
BBY,27
BC,27
BCAB,49
BCAC,3
BCACU,3
BCACW,11
BCAT,41
BCBP,42
BCC,0
BCD,3
BCDA,44
BCE,42
BCEI,13
BCEL,31
BCH,42
BCI,3
BCLI,11
BCM,3
BCML,0
BCO,31
BCOR,0
BCOV,0
BCOW,25
BCPC,0
BCRX,13
BCS,43
BCSF,41
BCTG,49
BCTX,11
BCTXW,11
BCV,2
BCX,41
BCYC,49
BCYP,3
BCYPU,3
BCYPW,11
BDC,0
BDCX,3
BDCZ,3
BDEC,3
BDJ,2
BDL,25
BDN,42
BDR,44
BDRY,3
BDSI,11
BDSX,49
BDTX,13
BDX,32
BDXB,31
BE,0
BEAM,13
BECN,0
BEDU,49
BEEM,13
BEKE,3
BELFA,49
BELFB,0
BEN,42
BENE,3
BENEU,3
BEP,42
BEPC,49
BERY,0
BEST,11
BETZ,3
BFAM,0
BFC,31
BFEB,3
BFI,49
BFIN,42
BFIT,3
BFK,41
BFLY,3
BFOR,3
BFRA,3
BFS,42
BFST,49
BFT,3
BFTR,3
BFY,41
BFZ,41
BG,27
BGB,41
BGCP,11
BGFV,42
BGH,2
BGI,44
BGIO,41
BGLD,3
BGNE,49
BGR,41
BGRN,3
BGS,13
BGSF,42
BGT,2
BGX,41
BGY,2
BH,37
BHAT,44
BHB,42
BHC,0
BHE,0
BHF,0
BHFAN,41
BHFAO,41
BHFAP,41
BHK,41
BHLB,42
BHP,32
BHR,49
BHSE,49
BHSEU,3
BHTG,11
BHV,41
BHVN,31
BIB,3
BIBL,3
BICK,3
BIDU,43
BIF,25
BIG,13
BIGC,49
BIIB,27
BIL,3
BILI,43
BILL,0
BILS,3
BIMI,44
BIO,27
BIOC,3
BIOL,43
BIOTU,3
BIOX,25
BIP,42
BIPC,0
BIS,3
BIT,41
BIV,3
BIVI,25
BIZD,3
BJ,13
BJAN,3
BJK,3
BJRI,13
BJUL,3
BJUN,3
BK,27
BKAG,3
BKCC,2
BKD,0
BKE,31
BKEM,3
BKEP,2
BKEPP,2
BKF,3
BKH,27
BKHY,3
BKI,0
BKIE,3
BKLC,3
BKLN,3
BKMC,3
BKN,41
BKNG,45
BKR,43
BKSB,3
BKSC,41
BKSE,3
BKT,41
BKTI,49
BKU,42
BKYI,11
BL,31
BLBD,0
BLCM,11
BLCN,3
BLCT,3
BLD,0
BLDG,3
BLDP,43
BLDR,0
BLE,41
BLES,3
BLFS,0
BLHY,3
BLI,25
BLIN,11
BLK,14
BLKB,0
BLL,0
BLMN,13
BLNK,13
BLOK,3
BLPH,0
BLRX,11
BLSA,3
BLTS,3
BLTSU,3
BLTSW,11
BLU,11
BLUE,13
BLUW,3
BLUWU,3
BLUWW,11
BLV,3
BLW,2
BLX,2
BMA,3
BMAR,3
BMAY,3
BMBL,3
BME,2
BMED,3
BMEZ,41
BMI,0
BMO,32
BMRA,13
BMRC,42
BMRN,31
BMTC,42
BMTX,0
BMY,43
BND,3
BNDC,3
BNDW,3
BNDX,3
BNE,3
BNED,49
BNFT,0
BNGO,12
BNKD,11
BNKU,3
BNL,42
BNO,3
BNOV,3
BNR,3
BNS,32
BNSO,25
BNTC,11
BNTX,3
BNY,41
BOAC,3
BOB,3
BOCH,42
BOCT,3
BOE,2
BOH,27
BOIL,3
BOKF,25
BOKFL,27
BOLT,3
BOMN,0
BOND,3
BOOM,31
BOOT,0
BORR,11
BOSC,11
BOSS,3
BOTJ,3
BOTZ,3
BOUT,3
BOWX,3
BOWXU,0
BOX,0
BOXL,11
BP,43
BPFH,42
BPMC,0
BPMP,41
BPOP,27
BPOPM,3
BPOPN,3
BPRN,49
BPT,11
BPTH,3
BPTS,3
BPY,2
BPYPN,41
BPYPO,41
BPYPP,41
BPYU,42
BPYUP,41
BQ,3
BR,27
BRBR,0
BRBS,49
BRC,42
BREZ,3
BREZR,11
BRF,3
BRFS,11
BRG,2
BRID,25
BRKL,42
BRKR,49
BRKS,0
BRLI,3
BRLIU,3
BRMK,41
BRN,44
BRO,0
BROG,3
BRP,49
BRPA,25
BRPAU,3
BRPMU,16
BRQS,11
BRT,42
BRX,42
BRY,17
BRZU,3
BSAC,41
BSAE,3
BSBE,3
BSBK,25
BSBR,42
BSCE,3
BSCL,3
BSCM,3
BSCN,3
BSCO,3
BSCP,3
BSCQ,3
BSCR,3
BSCS,3
BSCT,3
BSCU,3
BSD,41
BSDE,3
BSE,41
BSEP,3
BSET,42
BSGM,11
BSIG,0
BSJL,3
BSJM,3
BSJN,3
BSJO,3
BSJP,3
BSJQ,3
BSJR,3
BSJS,3
BSL,2
BSM,2
BSML,3
BSMM,3
BSMN,3
BSMO,3
BSMP,3
BSMQ,3
BSMR,3
BSMS,3
BSMT,3
BSMU,3
BSMX,11
BSN,3
BSPE,3
BSQR,11
BSRR,42
BST,41
BSTZ,41
BSV,3
BSVN,25
BSX,3
BSY,49
BTA,41
BTAI,13
BTAL,3
BTAQ,3
BTAQU,0
BTBT,49
BTEC,3
BTEK,3
BTG,11
BTI,41
BTN,11
BTNB,3
BTO,41
BTRS,3
BTT,41
BTU,11
BTWN,3
BTWNU,3
BTZ,2
BUD,38
BUFD,3
BUFF,3
BUFR,3
BUG,3
BUI,41
BUL,3
BUR,49
BURL,0
BUSE,42
BUYZ,3
BV,0
BVH,49
BVN,0
BVS,3
BVXV,44
BW,0
BWA,0
BWAC,49
BWACU,3
BWAY,3
BWB,49
BWEN,49
BWFG,49
BWG,41
BWMX,25
BWX,3
BWXT,0
BWZ,3
BX,27
BXC,0
BXG,25
BXMT,2
BXMX,2
BXP,32
BXRX,11
BXS,42
BY,49
BYD,49
BYFC,11
BYLD,3
BYM,41
BYND,13
BYSI,25
BZH,0
BZM,41
BZQ,3
BZUN,0
C,7
CAAP,44
CAAS,25
CABA,31
CABO,14
CAC,42
CACC,13
CACG,3
CACI,0
CADE,0
CAE,0
CAF,3
CAG,42
CAH,27
CAHCU,3
CAI,0
CAJ,42
CAKE,13
CAL,0
CALA,11
CALB,0
CALF,3
CALM,31
CALT,3
CALX,0
CAMP,0
CAMT,49
CAN,43
CANE,3
CANF,11
CANG,3
CAP,3
CAPA,3
CAPAU,0
CAPE,3
CAPL,2
CAPR,3
CAR,13
CARA,0
CARE,0
CARG,13
CARR,0
CARS,0
CARV,25
CARZ,3
CAS,3
CASA,49
CASH,0
CASI,44
CASS,42
CASY,27
CAT,32
CATB,11
CATC,27
CATM,0
CATO,42
CBAH,3
CBAN,49
CBAT,25
CBAY,13
CBD,11
CBFV,42
CBH,41
CBIO,0
CBLI,25
CBLS,3
CBMB,3
CBNK,49
CBOE,27
CBON,3
CBPO,49
CBRE,0
CBRL,0
CBSE,3
CBSH,42
CBT,42
CBTG,3
CBTX,49
CBU,42
CBX,11
CBZ,0
CC,42
CCAC,0
CCAP,41
CCB,49
CCBG,31
CCCC,31
CCD,41
CCEP,25
CCF,49
CCI,32
CCIV,12
CCJ,0
CCK,0
CCL,12
CCLP,2
CCM,11
CCMP,27
CCNC,44
CCNE,42
CCNEP,41
CCO,11
CCOI,27
CCON,3
CCOR,3
CCRC,49
CCRN,0
CCRV,3
CCS,0
CCU,42
CCV,3
CCX,0
CCXI,0
CD,0
CDAK,49
CDAY,0
CDC,3
CDE,0
CDEV,43
CDK,0
CDL,3
CDLX,13
CDMO,0
CDMOP,2
CDNA,13
CDNS,0
CDOR,41
CDR,42
CDTX,11
CDW,27
CDXC,49
CDXS,31
CDZI,31
CE,27
CEA,3
CECE,0
CEE,42
CEF,3
CEFA,3
CEFD,3
CEFS,3
CEI,11
CEIX,0
CELC,25
CELH,25
CELP,2
CEM,41
CEMB,3
CEMI,11
CEN,2
CENHU,3
CENT,0
CENTA,0
CENX,49
CEO,32
CEPU,11
CEQP,2
CERC,11
CERE,49
CERN,0
CERS,3
CERT,0
CET,41
CETX,12
CETXP,11
CEV,41
CEVA,0
CEW,3
CEY,3
CEZ,3
CF,42
CFA,3
CFAC,3
CFACU,3
CFB,0
CFBK,3
CFCV,3
CFFI,42
CFFN,42
CFFVU,3
CFG,27
CFII,3
CFIIU,0
CFIV,3
CFIVU,3
CFIVW,11
CFMS,11
CFO,3
CFR,27
CFRX,31
CFVIU,3
CFX,31
CFXA,0
CG,42
CGA,49
CGBD,41
CGC,49
CGEM,3
CGEN,0
CGIX,3
CGNT,3
CGNX,0
CGO,2
CGRO,0
CGROU,3
CGW,3
CHAD,3
CHAQ,49
CHAU,3
CHB,3
CHCI,25
CHCO,27
CHCT,42
CHD,27
CHDN,0
CHE,27
CHEF,13
CHEK,11
CHFS,3
CHFW,3
CHGG,13
CHGX,3
CHH,49
CHI,2
CHIC,3
CHIE,3
CHIH,3
CHII,3
CHIK,3
CHIL,3
CHIM,3
CHIQ,3
CHIR,3
CHIS,3
CHIU,3
CHIX,3
CHK,3
CHKEL,3
CHKEW,3
CHKP,0
CHMA,11
CHMG,42
CHMI,2
CHN,27
CHNA,3
CHNG,0
CHNR,44
CHPM,0
CHPMU,16
CHPT,13
CHRA,11
CHRS,13
CHRW,27
CHS,11
CHSCL,41
CHSCM,41
CHSCN,41
CHSCO,41
CHSCP,41
CHT,41
CHTR,38
CHUY,0
CHW,2
CHWY,0
CHX,0
CHY,2
CI,27
CIA,31
CIB,42
CIBR,3
CID,3
CIDM,43
CIEN,0
CIF,2
CIG,11
CIGI,0
CIH,11
CII,2
CIIC,13
CIICU,30
CIK,2
CIL,3
CIM,2
CINF,27
CINR,25
CIO,2
CIR,0
CIT,42
CIVB,42
CIX,25
CIXX,31
CIZ,3
CIZN,42
CJJD,11
CKH,0
CKPT,11
CKX,49
CL,27
CLA,3
CLAR,0
CLB,31
CLBK,25
CLBS,11
CLDB,41
CLDL,3
CLDR,0
CLDS,3
CLDT,42
CLDX,0
CLEU,44
CLF,43
CLFD,49
CLGN,49
CLGX,27
CLH,0
CLI,31
CLII,3
CLIR,11
CLIX,3
CLLS,3
CLM,2
CLMT,11
CLNC,42
CLNE,49
CLNN,49
CLNY,13
CLOU,3
CLOV,43
CLPR,42
CLPS,44
CLPT,49
CLR,25
CLRB,11
CLRG,3
CLRMU,3
CLRO,44
CLS,0
CLSD,11
CLSK,49
CLSN,11
CLTL,3
CLVR,49
CLVRW,11
CLVS,13
CLVT,49
CLW,0
CLWT,44
CLX,32
CLXT,25
CM,32
CMA,27
CMBM,0
CMBS,3
CMC,42
CMCL,42
CMCM,11
CMCO,0
CMCSA,7
CMCT,42
CMCTP,41
CMD,0
CMDY,3
CME,32
CMF,3
CMG,27
CMI,32
CMIIU,3
CMLF,3
CMLFU,0
CMLS,0
CMO,2
CMP,27
CMPI,0
CMPR,0
CMPS,3
CMRE,25
CMRX,49
CMS,27
CMT,49
CMTL,42
CMU,11
CN,3
CNA,27
CNBKA,49
CNBS,3
CNC,0
CNCE,0
CNCR,3
CND,3
CNDT,0
CNET,11
CNEY,11
CNF,11
CNFR,44
CNHI,49
CNI,27
CNK,13
CNMD,0
CNNB,3
CNNE,0
CNO,42
CNOB,0
CNP,42
CNQ,42
CNR,0
CNRG,3
CNS,25
CNSL,31
CNSP,44
CNST,31
CNTG,49
CNTY,0
CNX,0
CNXC,38
CNXN,25
CNXT,3
CNYA,3
CO,44
COCP,11
CODA,25
CODI,2
CODX,13
COE,0
COF,27
COFS,42
COG,0
COGT,0
COHN,25
COHR,0
COHU,0
COKE,27
COLB,42
COLD,42
COLIU,3
COLL,13
COLM,25
COM,3
COMB,3
COMM,0
COMS,11
COMT,3
CONE,42
CONN,49
CONX,3
CONXU,3
COO,27
COOL,3
COOLU,3
COOLW,11
COOP,0
COP,27
COPX,3
COR,32
CORE,0
CORN,3
CORP,3
CORR,2
CORT,31
COST,38
COTY,25
COUP,13
COVAU,3
COW,3
COWN,13
COWZ,3
CP,27
CPA,13
CPAC,3
CPB,42
CPE,37
CPER,3
CPF,42
CPG,11
CPHC,49
CPHI,44
CPI,3
CPIX,44
CPK,27
CPLG,41
CPLP,2
CPRI,0
CPRT,0
CPRX,11
CPS,0
CPSH,49
CPSI,0
CPSR,3
CPSS,11
CPST,3
CPT,32
CPTA,2
CPZ,41
CQP,42
CQQQ,3
CR,27
CRAI,27
CRAK,3
CRBN,3
CRBP,13
CRC,49
CRDF,13
CREE,13
CREG,3
CRESY,11
CREX,11
CRF,2
CRH,42
CRHC,3
CRHM,11
CRI,0
CRIS,0
CRK,25
CRL,0
CRM,38
CRMD,0
CRMT,0
CRNC,13
CRNT,11
CRNX,31
CROC,3
CRON,25
CROX,0
CRS,42
CRSA,0
CRSAU,3
CRSP,0
CRSR,0
CRT,2
CRTD,11
CRTO,0
CRTX,13
CRU,3
CRUS,0
CRVL,49
CRVS,11
CRWD,0
CRWS,41
CRY,31
CS,3
CSA,3
CSB,3
CSBR,49
CSCO,7
CSCW,11
CSD,3
CSF,3
CSGP,0
CSGS,31
CSII,0
CSIQ,13
CSL,27
CSLT,11
CSM,3
CSML,3
CSOD,0
CSPI,49
CSPR,49
CSQ,2
CSR,42
CSSE,3
CSSEP,41
CSTE,25
CSTL,0
CSTM,0
CSTR,49
CSU,37
CSV,0
CSWC,2
CSWI,0
CSX,27
CTAC,30
CTAQ,3
CTAQU,3
CTAQW,11
CTAS,32
CTB,0
CTBI,42
CTEC,3
CTEK,11
CTG,49
CTHR,11
CTIB,44
CTK,11
CTLT,0
CTMX,0
CTO,27
CTR,41
CTRE,42
CTRM,33
CTRN,0
CTS,0
CTSH,38
CTSO,0
CTT,42
CTVA,0
CTXR,43
CTXS,27
CUB,0
CUBA,2
CUBE,42
CUBI,0
CUE,31
CUEN,11
CUK,3
CULP,42
CURE,3
CURI,25
CURO,25
CUT,3
CUTR,0
CUZ,42
CVA,42
CVAC,25
CVBF,42
CVCO,0
CVCY,42
CVE,43
CVEO,49
CVET,0
CVGI,0
CVGW,31
CVI,42
CVLG,49
CVLT,0
CVLY,42
CVM,13
CVNA,31
CVR,41
CVS,38
CVU,11
CVV,11
CVX,32
CVY,3
CW,0
CWB,3
CWBC,49
CWBR,11
CWCO,42
CWEB,3
CWEN,42
CWH,0
CWI,3
CWK,31
CWS,3
CWST,0
CWT,42
CX,43
CXDC,44
CXDO,25
CXE,41
CXH,41
CXP,42
CXSE,3
CXW,42
CYAD,31
CYAN,44
CYB,3
CYBE,0
CYBR,0
CYCC,13
CYCCP,2
CYCN,11
CYD,25
CYH,0
CYRN,11
CYRX,0
CYTH,3
CYTK,13
CZA,3
CZNC,42
CZR,0
CZWI,42
CZZ,3
D,32
DAC,49
DADA,3
DAIO,3
DAKT,0
DAL,43
DALI,3
DALT,3
DAN,0
DAO,0
DAR,0
DARE,11
DASH,49
DAUG,3
DAVA,45
DAX,3
DB,0
DBA,3
DBAW,3
DBB,3
DBC,3
DBD,0
DBDR,3
DBDRU,3
DBE,3
DBEF,3
DBEH,3
DBEM,3
DBEU,3
DBEZ,3
DBGR,3
DBI,42
DBJA,3
DBJP,3
DBL,41
DBLV,3
DBMF,3
DBO,3
DBOC,3
DBP,3
DBS,3
DBTX,3
DBV,3
DBVT,0
DBX,0
DCBO,25
DCF,41
DCI,42
DCO,0
DCOM,42
DCOMP,41
DCP,2
DCPH,49
DCRB,3
DCRBU,3
DCRNU,3
DCT,47
DCTH,49
DCUE,32
DD,27
DDD,13
DDEC,3
DDF,41
DDG,3
DDIV,3
DDLS,3
DDM,3
DDMX,3
DDMXU,3
DDMXW,11
DDOG,0
DDS,0
DDT,3
DDWM,3
DE,32
DEA,42
DECK,0
DECZ,3
DEED,3
DEEF,3
DEEP,3
DEF,3
DEFA,3
DEFN,3
DEH,3
DEI,42
DELL,0
DEM,3
DEMZ,3
DEN,0
DENN,0
DEO,27
DES,3
DESP,49
DEUS,3
DEW,3
DEX,41
DFAE,3
DFAI,3
DFAU,3
DFE,3
DFEB,3
DFEN,3
DFFN,11
DFH,3
DFHT,3
DFHTU,0
DFHY,3
DFIN,0
DFJ,3
DFND,3
DFNL,3
DFNS,3
DFNV,3
DFP,41
DFPH,3
DFPHU,0
DFS,27
DFVL,3
DFVS,3
DG,38
DGICA,42
DGICB,42
DGII,0
DGL,3
DGLY,13
DGNR,3
DGNS,3
DGP,3
DGRE,3
DGRO,3
DGRS,3
DGRW,3
DGS,3
DGT,3
DGX,27
DGZ,3
DHBCU,3
DHC,42
DHCAU,3
DHF,2
DHHCU,3
DHI,27
DHIL,27
DHR,38
DHS,3
DHT,2
DHX,11
DHY,2
DIA,3
DIAL,3
DIAX,2
DIG,3
DIM,3
DIN,0
DINT,3
DIOD,0
DIS,38
DISCA,13
DISCB,25
DISCK,0
DISH,0
DIT,25
DIV,3
DIVA,3
DIVB,3
DIVO,3
DIVZ,3
DJAN,3
DJCB,3
DJCO,49
DJD,3
DJP,3
DJUL,3
DJUN,3
DK,42
DKL,2
DKNG,43
DKS,13
DL,49
DLA,49
DLB,27
DLCAU,3
DLHC,49
DLN,3
DLNG,44
DLPN,11
DLR,32
DLS,47
DLTH,31
DLTR,0
DLX,42
DLY,41
DM,49
DMAC,3
DMAY,3
DMB,41
DMDV,3
DMF,41
DMLP,2
DMO,2
DMRC,31
DMRE,3
DMRI,3
DMRL,3
DMRM,3
DMRS,3
DMS,49
DMTK,49
DMXF,3
DMYD,13
DMYI,3
DNB,0
DNK,11
DNL,3
DNLI,31
DNMR,25
DNN,43
DNOV,3
DNOW,0
DNP,2
DOC,42
DOCT,3
DOCU,0
DOG,3
DOGZ,11
DOL,3
DOMO,0
DON,3
DOO,3
DOOO,0
DOOR,0
DORM,0
DOV,27
DOW,27
DOX,27
DOYU,3
DPG,2
DPST,3
DPW,11
DPZ,32
DQ,0
DRD,41
DRE,42
DRH,0
DRI,38
DRIO,49
DRIP,3
DRIV,3
DRN,3
DRNA,0
DRQ,31
DRRX,11
DRSK,3
DRTT,11
DRV,3
DRVN,3
DRW,3
DS,11
DSAC,3
DSACU,3
DSE,2
DSEP,3
DSGX,0
DSI,3
DSJA,3
DSKE,46
DSL,41
DSM,41
DSOC,3
DSP,3
DSPG,0
DSS,44
DSSI,0
DSTL,3
DSTX,3
DSU,2
DSWL,44
DSX,11
DT,0
DTD,3
DTE,32
DTEA,44
DTEC,3
DTF,41
DTH,3
DTIL,0
DTN,3
DTSS,44
DUC,3
DUDE,3
DUG,3
DUK,32
DUNE,3
DUNEU,3
DUNEW,11
DUO,3
DUOT,49
DURA,3
DUSA,3
DUSL,3
DUST,3
DVA,0
DVAX,13
DVD,11
DVLU,3
DVN,43
DVOL,3
DVY,27
DVYA,3
DVYE,3
DWAS,3
DWAT,3
DWAW,3
DWCR,3
DWEQ,3
DWFI,3
DWLD,3
DWM,3
DWMC,3
DWPP,3
DWSH,3
DWSN,11
DWUS,3
DWX,3
DX,2
DXC,0
DXCM,0
DXD,3
DXF,11
DXGE,3
DXJ,3
DXJS,3
DXPE,31
DXR,25
DXYN,11
DY,0
DYAI,11
DYFN,41
DYHG,3
DYN,0
DYNF,3
DYNT,11
DZSI,49
DZZ,11
E,42
EA,0
EAC,3
EACPU,3
EACPW,11
EAD,2
EAF,0
EAGG,3
EAOA,3
EAOK,3
EAOM,3
EAOR,3
EAR,0
EARN,2
EARS,11
EASG,3
EAST,11
EAT,0
EB,13
EBAY,27
EBC,3
EBF,42
EBIX,13
EBIZ,3
EBLU,3
EBMT,42
EBND,3
EBON,43
EBR,41
EBS,0
EBSB,42
EBTC,42
EC,41
ECC,41
ECCB,41
ECF,2
ECH,3
ECHO,0
ECL,27
ECLN,3
ECNS,3
ECOL,0
ECOM,0
ECON,3
ECOR,43
ECOW,3
ECOZ,3
ECPG,13
ED,32
EDAP,3
EDC,3
EDD,41
EDEN,3
EDF,2
EDI,41
EDIT,13
EDIV,3
EDN,11
EDOC,3
EDOG,3
EDOW,3
EDRY,25
EDSA,49
EDTK,44
EDTX,3
EDTXU,3
EDU,38
EDUC,49
EDUT,3
EDV,3
EDZ,3
EEA,3
EEFT,0
EEH,3
EELV,3
EEM,12
EEMA,3
EEMD,3
EEMO,3
EEMS,3
EEMV,3
EEMX,3
EES,3
EET,3
EEV,3
EEX,41
EFA,43
EFAD,3
EFAS,3
EFAV,3
EFAX,3
EFC,2
EFF,41
EFG,3
EFIV,3
EFIX,3
EFL,41
EFNL,3
EFO,3
EFOI,11
EFR,2
EFSC,42
EFT,41
EFU,3
EFV,3
EFX,27
EFZ,3
EGAN,49
EGBN,42
EGF,41
EGHT,13
EGIS,3
EGLE,0
EGO,0
EGOV,0
EGP,27
EGPT,3
EGRX,31
EGY,11
EH,3
EHC,27
EHI,2
EHT,3
EHTH,0
EIC,25
EIDO,3
EIG,42
EIGR,0
EIM,41
EINC,3
EIRL,3
EIS,3
EIX,27
EJAN,3
EJFAU,3
EJUL,3
EKAR,3
EKSO,3
EL,27
ELA,25
ELAN,0
ELD,3
ELDN,3
ELF,0
ELLO,25
ELMD,49
ELOX,31
ELP,42
ELS,42
ELSE,44
ELTK,25
ELVT,44
ELY,13
ELYS,25
EMAG,3
EMAN,11
EMB,3
EMBD,3
EMBH,3
EMCB,3
EMCF,41
EMD,2
EMDV,3
EME,0
EMF,42
EMFM,3
EMGF,3
EMHY,3
EMIF,3
EMKR,49
EML,42
EMLC,3
EMLP,3
EMN,27
EMNT,3
EMO,2
EMPW,3
EMQQ,3
EMR,27
EMSG,3
EMSH,32
EMTL,3
EMTY,3
EMX,11
EMXC,3
EMXF,3
ENB,2
ENBL,2
ENDP,13
ENFAU,3
ENFR,3
ENG,44
ENIA,41
ENIC,26
ENLC,2
ENLV,49
ENNVU,3
ENOB,44
ENOR,3
ENPC,3
ENPH,0
ENR,42
ENS,0
ENSG,0
ENSV,11
ENTA,31
ENTG,0
ENTR,3
ENTX,44
ENV,0
ENVA,0
ENVB,10
ENVIU,3
ENX,41
ENZ,11
ENZL,3
EOD,2
EOG,27
EOI,2
EOLS,49
EOS,2
EOSE,49
EOT,41
EPAC,0
EPAM,0
EPAY,0
EPC,0
EPD,2
EPHE,3
EPHY,3
EPHYU,3
EPHYW,11
EPI,3
EPIX,3
EPM,11
EPOL,3
EPP,3
EPR,42
EPRF,3
EPRT,42
EPS,3
EPSN,11
EPU,3
EPV,3
EPWR,3
EPZM,31
EQ,49
EQAL,3
EQBK,0
EQC,0
EQD,3
EQH,0
EQIX,14
EQL,3
EQNR,41
EQOP,3
EQOS,25
EQR,27
EQRR,3
EQS,44
EQT,0
EQWL,3
EQX,49
ERC,2
ERES,3
ERESU,3
ERF,0
ERH,2
ERIC,3
ERIE,32
ERII,0
ERJ,0
ERM,3
ERSX,3
ERUS,3
ERX,3
ERY,3
ERYP,3
ES,27
ESBA,3
ESBK,41
ESCA,42
ESCR,3
ESE,0
ESEA,25
ESEB,3
ESG,3
ESGA,3
ESGC,11
ESGD,3
ESGE,3
ESGG,3
ESGN,3
ESGR,27
ESGRO,27
ESGRP,27
ESGS,3
ESGU,3
ESGV,3
ESHY,3
ESI,0
ESLT,25
ESML,3
ESNG,3
ESNT,0
ESP,41
ESPO,3
ESPR,13
ESQ,0
ESRT,0
ESS,14
ESSA,42
ESSC,49
ESSCU,3
ESTA,49
ESTC,31
ESTE,49
ESXB,0
ET,2
ETAC,3
ETACU,3
ETB,2
ETG,2
ETH,42
ETHO,3
ETJ,2
ETM,0
ETN,32
ETNB,37
ETO,2
ETON,49
ETR,32
ETRN,42
ETSY,0
ETV,2
ETW,2
ETWO,3
ETX,41
ETY,2
EUCG,3
EUCR,49
EUCRU,3
EUDG,3
EUDV,3
EUFN,3
EUFX,3
EUM,3
EUO,3
EURL,3
EURN,2
EURZ,3
EUSA,3
EUSB,3
EUSC,3
EUSGU,3
EVA,2
EVAX,3
EVBG,13
EVBN,42
EVC,11
EVER,0
EVF,2
EVFM,13
EVG,2
EVGBC,3
EVGN,49
EVH,31
EVI,31
EVK,44
EVLMC,3
EVLO,0
EVM,41
EVN,41
EVOJU,3
EVOK,11
EVOL,44
EVOP,0
EVR,27
EVRG,27
EVRI,0
EVSTC,3
EVT,2
EVTC,0
EVV,2
EVX,3
EVY,42
EW,0
EWA,3
EWBC,27
EWC,3
EWCO,3
EWD,3
EWEB,3
EWG,3
EWGS,3
EWH,3
EWI,3
EWJ,3
EWJE,3
EWJV,3
EWK,3
EWL,3
EWM,27
EWMC,3
EWN,3
EWO,3
EWP,3
EWQ,3
EWRE,3
EWS,3
EWSC,3
EWT,3
EWU,3
EWUS,3
EWV,3
EWW,3
EWX,3
EWY,3
EWZ,12
EWZS,3
EXAS,0
EXC,27
EXD,41
EXEL,0
EXFO,11
EXG,2
EXI,3
EXK,3
EXLS,0
EXN,11
EXP,0
EXPC,0
EXPCU,3
EXPD,27
EXPE,0
EXPI,25
EXPO,0
EXPR,12
EXR,32
EXTN,11
EXTR,0
EYE,31
EYEN,49
EYES,33
EYLD,3
EYPT,3
EZA,3
EZGO,3
EZJ,3
EZM,3
EZPW,31
EZU,3
F,33
FAAR,3
FAB,3
FAD,3
FAF,27
FAII,3
FALN,3
FAM,2
FAMI,44
FAN,3
FANG,42
FANH,31
FARM,0
FARO,19
FAS,3
FAST,42
FAT,25
FATBP,41
FATE,31
FAUG,3
FAX,2
FAZ,3
FB,23
FBC,0
FBCG,3
FBCV,3
FBGX,3
FBHS,27
FBIO,11
FBIOP,41
FBIZ,42
FBK,49
FBMS,0
FBNC,42
FBND,3
FBP,0
FBRX,49
FBSS,49
FBT,3
FBZ,3
FC,0
FCA,3
FCAC,3
FCACU,0
FCAL,3
FCAP,31
FCBC,42
FCBP,42
FCCO,42
FCCY,49
FCEF,3
FCEL,12
FCF,42
FCFS,27
FCG,3
FCN,0
FCNCA,45
FCNCP,41
FCO,2
FCOM,3
FCOR,3
FCPI,3
FCPT,42
FCRD,2
FCT,2
FCTR,3
FCVT,3
FCX,43
FDBC,31
FDD,3
FDEC,3
FDEM,3
FDEU,41
FDEV,3
FDG,3
FDHY,3
FDIS,3
FDIV,3
FDL,3
FDLO,3
FDM,3
FDMO,3
FDMT,49
FDN,3
FDNI,3
FDP,49
FDRR,3
FDS,27
FDT,3
FDTS,3
FDUS,2
FDVV,3
FDX,38
FE,42
FEBZ,3
FEDU,2
FEDX,3
FEI,2
FEIM,49
FELE,0
FEM,3
FEMB,3
FEMS,3
FEN,2
FENC,31
FENG,11
FENY,3
FEO,2
FEP,3
FET,0
FEUL,3
FEUZ,3
FEVR,3
FEX,3
FEYE,0
FEZ,3
FF,49
FFA,2
FFBC,42
FFBW,25
FFC,2
FFEB,3
FFG,25
FFHG,3
FFHL,25
FFIC,42
FFIN,31
FFIU,3
FFIV,0
FFNW,42
FFR,3
FFSG,3
FFTG,3
FFTI,3
FFTY,3
FFWM,0
FGB,2
FGBI,25
FGD,3
FGEN,31
FGF,49
FGFPP,41
FGM,3
FGNA,3
FGRO,3
FHB,42
FHI,42
FHLC,3
FHN,42
FHTX,49
FI,44
FIBK,42
FIBR,3
FICO,0
FICS,3
FID,3
FIDI,3
FIDU,3
FIEE,3
FIF,41
FIGB,3
FIHD,3
FIII,3
FIIIU,3
FILL,3
FINMU,3
FINS,41
FINV,3
FINX,3
FIS,27
FISI,42
FISK,41
FISR,3
FISV,0
FITB,27
FITBI,41
FITBO,41
FITBP,41
FITE,3
FIV,3
FIVA,3
FIVE,0
FIVG,3
FIVN,0
FIW,3
FIX,0
FIXD,3
FIXX,0
FIZZ,25
FJAN,3
FJNK,3
FJP,3
FJUL,3
FJUN,3
FKU,3
FL,42
FLAC,3
FLACU,3
FLACW,11
FLAU,3
FLAX,3
FLBL,3
FLBR,3
FLC,2
FLCA,3
FLCB,3
FLCH,3
FLCO,3
FLDM,13
FLDR,3
FLEE,3
FLEH,3
FLEX,38
FLFR,3
FLGB,3
FLGE,3
FLGR,3
FLGT,13
FLGV,3
FLHK,3
FLHY,3
FLIA,3
FLIC,42
FLIN,3
FLIR,0
FLIY,3
FLJH,3
FLJP,3
FLKR,3
FLL,19
FLLA,3
FLLV,3
FLM,3
FLMB,3
FLMI,3
FLMN,11
FLMX,3
FLN,3
FLNG,25
FLNT,49
FLO,42
FLOT,3
FLOW,0
FLQD,3
FLQE,3
FLQG,3
FLQH,3
FLQL,3
FLQM,3
FLQS,3
FLR,0
FLRG,3
FLRN,3
FLRT,3
FLRU,3
FLS,42
FLSA,3
FLSP,3
FLSW,3
FLT,0
FLTB,3
FLTR,3
FLTW,3
FLUD,3
FLUX,49
FLV,3
FLWS,13
FLXN,13
FLXS,0
FLY,49
FLYT,3
FLZA,3
FM,3
FMAC,3
FMAG,3
FMAO,31
FMAT,3
FMAY,3
FMB,3
FMBH,42
FMBI,42
FMBIO,41
FMBIP,41
FMC,27
FMF,3
FMHI,3
FMIL,3
FMN,41
FMNB,42
FMO,2
FMS,38
FMTX,31
FMX,38
FMY,41
FN,0
FNB,42
FNCB,42
FNCL,3
FND,0
FNDA,3
FNDB,3
FNDC,3
FNDE,3
FNDF,3
FNDX,3
FNF,27
FNGD,11
FNGO,3
FNGS,3
FNGU,3
FNGZ,11
FNHC,41
FNI,3
FNK,3
FNKO,0
FNLC,42
FNOV,3
FNV,42
FNWB,49
FNX,3
FNY,3
FOCS,31
FOCT,3
FOE,31
FOF,22
FOLD,13
FONR,0
FOR,25
FORA,3
FORD,44
FOREU,3
FORM,0
FORR,31
FORTY,3
FOSL,0
FOUR,0
FOVL,3
FOX,49
FOXA,0
FOXF,0
FOXW,3
FOXWU,3
FOXWW,11
FPA,3
FPAC,3
FPAY,44
FPE,3
FPEI,3
FPF,41
FPH,31
FPI,42
FPL,2
FPRO,3
FPRX,0
FPX,3
FPXE,3
FPXI,3
FQAL,3
FR,42
FRA,41
FRAF,42
FRAK,3
FRBA,49
FRBK,31
FRC,27
FRD,3
FRDM,3
FREE,0
FREL,3
FREQ,31
FRG,0
FRGAP,41
FRGI,31
FRHC,25
FRI,3
FRLG,3
FRLN,3
FRME,42
FRO,2
FROG,49
FRPH,49
FRPT,0
FRSX,43
FRT,32
FRTA,0
FRTY,3
FRX,3
FSBW,27
FSD,41
FSEA,25
FSEC,3
FSEP,3
FSFG,49
FSI,44
FSII,3
FSK,2
FSKR,41
FSLF,41
FSLR,0
FSLY,13
FSM,0
FSMB,3
FSMD,3
FSMO,3
FSP,42
FSR,43
FSRV,0
FSRVU,16
FSRXU,3
FSS,0
FSSIU,3
FST,3
FSTA,3
FSTR,0
FSTX,3
FSV,0
FSZ,3
FT,41
FTA,3
FTAAU,3
FTAG,3
FTAI,42
FTC,3
FTCH,43
FTCS,3
FTCV,3
FTCVU,3
FTDR,0
FTEC,3
FTEK,11
FTF,2
FTFT,49
FTGC,3
FTHI,3
FTHM,25
FTHY,41
FTI,43
FTIV,3
FTIVU,0
FTK,11
FTLB,3
FTLS,3
FTNT,0
FTOC,3
FTOCU,0
FTRI,3
FTS,42
FTSD,3
FTSI,49
FTSL,3
FTSM,3
FTV,0
FTXD,3
FTXG,3
FTXH,3
FTXL,3
FTXN,3
FTXO,3
FTXR,3
FUBO,43
FUE,3
FUL,0
FULC,49
FULT,42
FULTP,41
FUMB,3
FUN,42
FUNC,42
FUND,2
FUNL,3
FURY,11
FUSB,3
FUSE,0
FUSN,0
FUT,3
FUTU,43
FUTY,3
FUV,13
FV,3
FVAL,3
FVAM,3
FVC,3
FVCB,49
FVD,3
FVE,25
FVRR,49
FVT,3
FWAA,3
FWDB,3
FWONA,0
FWONK,0
FWP,3
FWRD,0
FXA,3
FXB,3
FXC,3
FXD,3
FXE,3
FXF,3
FXG,3
FXH,3
FXI,43
FXL,3
FXN,3
FXNC,49
FXO,3
FXP,3
FXR,3
FXU,3
FXY,3
FXZ,3
FYC,3
FYLD,3
FYT,3
FYX,3
G,0
GAA,3
GAB,41
GABC,42
GAIA,31
GAIN,2
GAINL,41
GAL,3
GALT,31
GAM,27
GAMR,3
GAN,49
GASS,11
GATO,0
GATX,31
GAU,11
GAZ,3
GB,25
GBAB,41
GBCI,42
GBDC,2
GBDV,3
GBF,3
GBGR,3
GBIL,3
GBIO,0
GBL,0
GBLI,42
GBLO,3
GBNY,3
GBOX,3
GBR,25
GBRGU,3
GBS,3
GBT,13
GBUG,3
GBX,13
GCACU,3
GCBC,25
GCC,3
GCI,0
GCMG,31
GCO,0
GCOR,3
GCOW,3
GCP,0
GCV,41
GD,27
GDDY,0
GDEN,49
GDL,41
GDMA,3
GDO,41
GDOT,0
GDP,0
GDRX,0
GDS,31
GDV,41
GDX,43
GDXD,3
GDXJ,3
GDXU,3
GDYN,25
GE,10
GECC,2
GEF,42
GEG,11
GEL,2
GEM,3
GEN,43
GENC,49
GENE,11
GENY,3
GEO,2
GEOS,0
GER,2
GERM,3
GERN,13
GES,13
GEVO,43
GF,27
GFED,41
GFF,0
GFI,41
GFL,31
GFLU,0
GFN,25
GFNCP,19
GFX,3
GGAL,3
GGB,11
GGG,0
GGM,2
GGN,2
GGO,49
GGT,41
GGZ,49
GH,0
GHACU,3
GHC,40
GHG,3
GHL,49
GHLD,49
GHM,42
GHSI,11
GHVI,3
GHVIU,3
GHVIW,3
GHY,41
GHYB,3
GHYG,3
GIB,0
GIFI,11
GIGB,3
GIGE,3
GIGGU,3
GIGM,44
GII,3
GIII,31
GIIXU,3
GIK,0
GIL,0
GILD,32
GILT,41
GIM,41
GINN,3
GIS,27
GIX,49
GKOS,31
GL,27
GLAD,2
GLAQ,3
GLAQU,3
GLBLU,3
GLBS,37
GLBZ,41
GLCN,3
GLD,43
GLDD,0
GLDG,11
GLDI,3
GLDM,3
GLEO,49
GLG,11
GLIF,3
GLIN,3
GLL,3
GLMD,11
GLNG,0
GLO,2
GLOB,38
GLOG,42
GLOP,2
GLP,2
GLPG,3
GLPI,2
GLQ,2
GLRE,0
GLRY,3
GLSI,25
GLT,42
GLTO,3
GLTR,3
GLU,2
GLUU,0
GLV,2
GLW,42
GLYC,11
GM,38
GMAB,3
GMBL,49
GMBTU,3
GMDA,49
GME,12
GMED,0
GMF,3
GMIIU,3
GMLP,2
GMLPP,3
GMOM,3
GMRE,42
GMS,0
GMTX,3
GNACU,3
GNAF,3
GNCA,11
GNE,42
GNFT,11
GNK,0
GNL,2
GNLN,3
GNMA,3
GNMK,15
GNOG,49
GNOM,3
GNPK,3
GNPX,11
GNR,3
GNRC,0
GNRS,3
GNRSU,16
GNSS,0
GNT,2
GNTX,0
GNTY,49
GNUS,12
GNW,11
GO,19
GOAC,3
GOAT,3
GOAU,3
GOCO,0
GOED,25
GOEV,25
GOEX,3
GOF,2
GOGL,49
GOGO,13
GOL,3
GOLD,43
GOLF,25
GOOD,2
GOODM,41
GOODN,41
GOOG,23
GOOGL,23
GOOS,0
GORO,11
GOSS,31
GOVT,3
GOVX,11
GOVZ,3
GP,49
GPACU,3
GPC,32
GPI,31
GPK,0
GPL,11
GPM,2
GPMT,42
GPN,27
GPP,2
GPRE,13
GPRK,49
GPRO,0
GPS,49
GPX,0
GQRE,3
GRA,27
GRAY,31
GRBK,0
GRC,42
GRCL,3
GRCY,3
GRCYU,49
GREK,3
GRES,3
GRF,2
GRFS,42
GRID,3
GRIL,44
GRIN,49
GRMN,27
GRN,3
GRNB,3
GRNQ,44
GRNV,49
GRNVU,49
GROW,3
GRPN,0
GRSV,3
GRSVU,0
GRTS,0
GRTX,37
GRU,11
GRUB,13
GRVY,3
GRWG,0
GRX,41
GS,32
GSAH,3
GSAQ,3
GSAQU,3
GSAQW,11
GSAT,43
GSBC,42
GSBD,2
GSEE,3
GSEU,3
GSEVU,3
GSEW,3
GSG,3
GSHD,0
GSID,3
GSIE,3
GSIG,3
GSIT,49
GSJY,3
GSK,41
GSKY,0
GSL,49
GSLC,3
GSM,44
GSMG,44
GSMGW,11
GSP,3
GSPY,3
GSS,44
GSSC,3
GSST,3
GSUM,11
GSUS,3
GSV,11
GSX,13
GSY,3
GT,0
GTBP,3
GTE,43
GTEC,25
GTES,0
GTH,3
GTHX,13
GTIM,11
GTIP,3
GTLS,31
GTN,0
GTO,3
GTS,31
GTT,13
GTY,42
GTYH,0
GUNR,3
GURE,44
GURU,3
GUSH,3
GUT,41
GVA,31
GVAL,3
GVI,3
GVIP,3
GVP,11
GWAC,3
GWB,0
GWGH,25
GWPH,0
GWRE,0
GWRS,25
GWW,32
GWX,3
GXC,3
GXF,3
GXG,3
GXGX,3
GXGXU,3
GXTG,3
GYLD,3
GYRO,49
H,0
HA,0
HAAC,3
HAACU,3
HACK,3
HAE,0
HAFC,42
HAIL,3
HAIN,0
HAL,43
HALL,11
HALO,13
HAP,3
HAPP,44
HARP,0
HART,3
HAS,27
HASI,42
HAUZ,3
HAWX,3
HAYN,42
HBAN,42
HBANN,41
HBANO,41
HBB,25
HBCP,42
HBI,42
HBIO,0
HBM,0
HBMD,31
HBNC,42
HBP,11
HBT,25
HCA,38
HCAP,2
HCAQ,3
HCAR,3
HCARU,3
HCAT,31
HCC,0
HCCCU,3
HCCI,49
HCDI,44
HCHC,44
HCI,42
HCICU,3
HCIIU,3
HCKT,42
HCM,3
HCRB,3
HCSG,31
HD,7
HDAW,3
HDB,38
HDEF,3
HDG,3
HDGE,3
HDIV,3
HDLB,3
HDMV,3
HDSN,11
HDV,3
HE,42
HEAR,13
HEC,3
HECCU,3
HEDJ,3
HEEM,3
HEES,42
HEFA,3
HEGD,3
HEI,49
HELE,31
HELX,3
HEP,2
HEPA,11
HEQ,2
HERD,3
HERO,3
HES,42
HESM,42
HEWC,3
HEWG,3
HEWJ,3
HEWU,3
HEWW,3
HEXO,0
HEZU,3
HFBL,49
HFC,42
HFFG,31
HFRO,41
HFWA,42
HFXI,3
HGBL,44
HGEN,49
HGLB,41
HGSH,44
HGV,0
HHC,0
HHR,20
HI,42
HIBB,13
HIBL,3
HIBS,3
HIE,2
HIFS,27
HIG,27
HIGA,3
HIHO,44
HII,32
HIIIU,3
HIL,11
HIMS,3
HIMX,49
HIO,2
HIPR,3
HIPS,3
HIW,27
HIX,2
HJPX,3
HKIB,3
HL,43
HLAHU,3
HLAL,3
HLF,0
HLG,3
HLI,27
HLIO,0
HLIT,31
HLNE,42
HLT,38
HLX,0
HLXA,3
HMC,42
HMCO,3
HMCOU,3
HMG,25
HMHC,0
HMLP,2
HMN,42
HMNF,49
HMOP,3
HMPT,3
HMST,0
HMSY,0
HMTV,49
HMY,11
HNDL,3
HNGR,0
HNI,42
HNNA,41
HNP,41
HNRG,11
HNW,2
HOFT,31
HOFV,44
HOG,19
HOL,3
HOLD,3
HOLI,0
HOLUU,0
HOLX,0
HOMB,42
HOME,13
HOMZ,3
HON,32
HONE,0
HOOK,31
HOPE,42
HOTH,44
HOV,49
HOVNP,3
HP,42
HPE,43
HPF,2
HPI,2
HPK,25
HPP,6
HPQ,27
HPR,37
HPS,2
HPX,3
HQH,2
HQI,25
HQL,2
HQY,19
HR,42
HRB,42
HRC,27
HRI,0
HRL,25
HRMY,31
HROW,0
HRTG,42
HRTX,31
HRZN,2
HSAQ,49
HSBC,38
HSC,0
HSCZ,3
HSDT,3
HSIC,0
HSII,42
HSKA,0
HSMV,3
HSON,3
HSRT,3
HST,0
HSTM,31
HSTO,44
HSY,32
HT,0
HTA,42
HTAB,3
HTBI,0
HTBK,42
HTBX,0
HTD,41
HTEC,3
HTGC,2
HTGM,3
HTH,0
HTHT,0
HTIA,41
HTLD,49
HTLF,42
HTLFP,41
HTOO,3
HTOOW,11
HTPA,3
HTRB,3
HTUS,3
HTY,2
HUBB,32
HUBG,0
HUBS,0
HUDI,3
HUGE,11
HUIZ,3
HUM,32
HUN,42
HURC,0
HURN,0
HUSA,11
HUSN,44
HUSV,3
HUYA,13
HVBC,49
HVT,31
HWBK,42
HWC,42
HWCC,11
HWKN,42
HWM,0
HX,11
HXL,0
HY,42
HYACU,3
HYB,2
HYBB,3
HYD,3
HYDB,3
HYDW,3
HYEM,3
HYFM,25
HYG,12
HYGH,3
HYGV,3
HYHG,3
HYI,41
HYLB,3
HYLD,3
HYLN,49
HYLS,3
HYLV,3
HYMB,3
HYMC,0
HYMCL,11
HYMCW,11
HYRE,49
HYS,3
HYT,2
HYTR,3
HYUP,3
HYXF,3
HYXU,3
HYZD,3
HZAC,3
HZN,49
HZNP,0
HZO,0
HZON,3
IAA,0
IAC,0
IACA,3
IAE,2
IAF,2
IAG,11
IAGG,3
IAI,3
IAK,3
IART,0
IAT,3
IAU,43
IAUF,3
IBA,3
IBB,3
IBBJ,3
IBCE,3
IBCP,42
IBD,3
IBDD,3
IBDM,3
IBDN,3
IBDO,3
IBDP,3
IBDQ,3
IBDR,3
IBDS,3
IBDT,3
IBDU,3
IBDV,3
IBEX,25
IBHA,3
IBHB,3
IBHC,3
IBHD,3
IBHE,3
IBHF,3
IBIO,11
IBKR,0
IBM,38
IBMJ,3
IBMK,3
IBML,3
IBMM,3
IBMN,3
IBMO,3
IBMP,3
IBMQ,3
IBN,38
IBND,3
IBOC,42
IBP,49
IBTA,3
IBTB,3
IBTD,3
IBTE,3
IBTF,3
IBTG,3
IBTH,3
IBTI,3
IBTJ,3
IBTK,3
IBTX,27
IBUY,3
ICAD,0
ICBK,31
ICCC,49
ICCH,49
ICD,3
ICE,27
ICF,27
ICFI,0
ICHR,0
ICL,25
ICLK,3
ICLN,3
ICLR,0
ICMB,2
ICOL,3
ICON,11
ICOW,3
ICPT,13
ICSH,3
ICUI,0
ICVT,3
ID,25
IDA,27
IDBA,3
IDCC,42
IDE,41
IDEV,3
IDEX,12
IDHD,3
IDHQ,3
IDIV,3
IDLB,3
IDLV,3
IDMO,3
IDN,49
IDNA,3
IDOG,3
IDRA,11
IDRV,3
IDT,49
IDU,3
IDV,3
IDX,3
IDXX,0
IDYA,0
IEA,13
IEC,0
IECS,3
IEDI,3
IEF,3
IEFA,3
IEFN,3
IEHS,3
IEI,3
IEIH,3
IEME,3
IEMG,43
IEO,3
IEP,14
IESC,0
IETC,3
IEUR,3
IEUS,3
IEV,3
IEX,27
IEZ,3
IFF,27
IFFT,27
IFGL,3
IFMK,44
IFN,2
IFRA,3
IFRX,11
IFS,25
IFV,3
IG,3
IGA,2
IGAC,3
IGACU,3
IGBH,3
IGC,11
IGD,2
IGE,3
IGEB,3
IGF,3
IGHG,3
IGI,41
IGIB,3
IGIC,31
IGLB,3
IGLD,3
IGM,3
IGMS,31
IGN,3
IGNYU,3
IGOV,3
IGR,2
IGRO,3
IGSB,3
IGT,25
IGV,3
IH,3
IHAK,3
IHC,25
IHD,2
IHDG,3
IHE,3
IHF,3
IHG,3
IHI,3
IHIT,41
IHRT,0
IHT,44
IHTA,41
IHY,3
IHYF,3
IIAC,3
IID,2
IIF,3
IIGD,3
IIGV,3
III,11
IIII,3
IIIIU,3
IIIN,0
IIIV,0
IIM,41
IIN,31
IIPR,32
IIVI,13
IIVIP,29
IJAN,3
IJH,3
IJJ,3
IJK,3
IJR,3
IJS,3
IJT,3
IJUL,3
IKNX,25
IKT,25
ILF,3
ILMN,0
ILPT,42
ILTB,3
IMAB,3
IMAC,44
IMAX,0
IMBI,49
IMCC,3
IMCR,3
IMGN,13
IMH,44
IMKTA,31
IMLP,3
IMMP,11
IMMR,0
IMNM,49
IMO,25
IMOM,3
IMOS,41
IMPX,3
IMRA,0
IMRN,3
IMTB,3
IMTE,44
IMTM,3
IMTX,49
IMUX,49
IMV,11
IMVT,25
IMXI,49
INBK,0
INBX,49
INCO,3
INCY,0
INDA,3
INDB,27
INDF,3
INDL,3
INDO,25
INDS,3
INDT,25
INDY,3
INFI,11
INFL,3
INFN,13
INFO,0
INFR,3
INFU,0
INFY,38
ING,18
INGN,0
INGR,27
INKA,3
INKAU,3
INKAW,11
INKM,3
INM,11
INMB,49
INMD,49
INN,42
INO,13
INOD,3
INOV,0
INPX,11
INS,31
INSE,0
INSG,13
INSI,41
INSM,31
INSP,0
INSW,0
INT,0
INTC,7
INTF,3
INTG,25
INTT,49
INTU,27
INTZ,25
INUV,43
INVA,31
INVE,3
INVH,0
INVO,43
INZY,31
IO,11
IONS,31
IOO,3
IOR,25
IOSP,27
IOVA,31
IP,27
IPA,3
IPAC,3
IPAR,49
IPAY,3
IPDN,44
IPFF,3
IPG,42
IPGP,49
IPHA,11
IPHI,0
IPI,49
IPKW,3
IPLDP,41
IPO,3
IPOD,3
IPOE,13
IPOF,3
IPOS,3
IPV,49
IPWR,49
IQ,43
IQDE,3
IQDF,3
IQDG,3
IQDY,3
IQI,41
IQIN,3
IQLT,3
IQM,3
IQSI,3
IQSU,3
IQV,0
IR,27
IRBO,3
IRBT,13
IRCP,2
IRDM,0
IRIX,49
IRL,3
IRM,42
IRMD,25
IROQ,49
IRR,2
IRS,11
IRT,42
IRTC,13
IRWD,13
ISBC,42
ISCF,3
ISD,41
ISDR,49
ISDX,3
ISEE,0
ISEM,3
ISHG,3
ISIG,49
ISLEU,3
ISMD,3
ISNS,44
ISR,11
ISRA,3
ISRG,0
ISSC,49
ISTB,3
ISTR,0
ISUN,3
ISWN,3
ISZE,3
IT,0
ITA,3
ITAC,3
ITACU,0
ITB,3
ITCB,41
ITCI,31
ITEQ,3
ITGR,0
ITHXU,3
ITI,0
ITIC,27
ITM,3
ITMR,0
ITOS,0
ITOT,3
ITP,11
ITQRU,3
ITRG,11
ITRI,0
ITRN,42
ITT,0
ITUB,12
ITW,32
IUS,3
IUSB,3
IUSG,3
IUSS,3
IUSV,3
IVA,3
IVAC,0
IVAL,3
IVAN,3
IVC,31
IVDG,3
IVE,3
IVES,3
IVH,41
IVLC,3
IVLU,3
IVOG,3
IVOL,3
IVOO,3
IVOV,3
IVR,2
IVRA,3
IVSG,3
IVV,27
IVW,3
IVZ,42
IWB,3
IWC,3
IWD,3
IWDL,3
IWF,3
IWFH,3
IWFL,3
IWL,3
IWM,12
IWML,3
IWN,3
IWO,3
IWP,3
IWR,3
IWS,3
IWV,3
IWX,3
IWY,3
IX,27
IXC,3
IXG,3
IXJ,27
IXN,3
IXP,3
IXSE,3
IXUS,3
IYC,3
IYE,3
IYF,3
IYG,3
IYH,27
IYJ,3
IYK,3
IYLD,3
IYM,3
IYR,27
IYT,3
IYW,3
IYY,3
IYZ,3
IZEA,11
IZRL,3
J,0
JAAA,3
JACK,27
JAGG,3
JAGX,43
JAKK,49
JAMF,0
JAN,49
JANZ,3
JAX,0
JAZZ,0
JBGS,42
JBHT,27
JBL,38
JBLU,43
JBSS,0
JBT,0
JCE,41
JCI,27
JCICU,3
JCO,41
JCOM,13
JCPB,3
JCS,49
JCTCF,25
JCTR,3
JD,38
JDD,2
JDIV,3
JDST,3
JE,11
JEF,42
JELD,0
JEMD,41
JEPI,3
JEQ,42
JETS,3
JFIN,11
JFR,2
JFU,11
JG,3
JGH,41
JGLD,3
JHAA,41
JHB,41
JHCS,3
JHEM,3
JHG,27
JHI,2
JHMA,3
JHMC,3
JHMD,3
JHME,3
JHMF,3
JHMH,3
JHMI,3
JHML,3
JHMM,3
JHMS,3
JHMT,3
JHMU,3
JHS,41
JHSC,3
JHX,3
JIG,3
JIGB,3
JIH,0
JILL,11
JJA,3
JJC,3
JJE,3
JJG,3
JJM,3
JJN,3
JJP,3
JJS,3
JJSF,27
JJT,3
JJU,3
JKD,3
JKE,3
JKF,3
JKG,3
JKH,3
JKHY,27
JKI,27
JKJ,3
JKK,3
JKL,3
JKS,13
JLL,0
JLS,41
JMBS,3
JMIA,13
JMIN,3
JMM,3
JMOM,3
JMP,25
JMST,3
JMUB,3
JNCE,49
JNJ,7
JNK,43
JNPR,42
JNUG,3
JO,3
JOB,11
JOBS,25
JOE,0
JOET,3
JOF,42
JOFFU,3
JOUT,0
JOYY,3
JP,11
JPC,2
JPEM,3
JPHY,3
JPI,41
JPIB,3
JPIN,3
JPM,7
JPMB,3
JPME,3
JPN,3
JPS,2
JPSE,3
JPST,3
JPT,41
JPUS,3
JPXN,3
JQC,2
JQUA,3
JRI,41
JRJC,3
JRO,2
JRS,2
JRSH,25
JRVR,42
JSCP,3
JSD,41
JSMD,3
JSML,3
JSTC,3
JT,11
JTA,2
JTD,2
JULZ,3
JUPW,25
JUST,3
JVA,3
JVAL,3
JWN,13
JWS,0
JXI,3
JYAC,3
JYNT,0
K,27
KAI,27
KAIIU,3
KAIR,3
KAIRU,3
KAIRW,11
KALA,13
KALL,3
KALU,27
KALV,0
KAMN,42
KAPR,3
KAR,0
KARS,3
KB,27
KBA,3
KBAL,42
KBE,3
KBH,0
KBNT,13
KBR,0
KBSF,44
KBUY,3
KBWB,3
KBWD,3
KBWP,3
KBWR,3
KBWY,3
KC,3
KCCB,3
KCE,3
KCNY,3
KDFI,3
KDMN,13
KDNY,0
KDP,25
KE,0
KEJI,3
KELYA,0
KELYB,25
KEMQ,3
KEMX,3
KEN,25
KEP,3
KEQU,49
KERN,13
KESG,3
KEX,0
KEY,42
KEYS,0
KF,0
KFFB,25
KFRC,42
KFS,44
KFVG,3
KFY,0
KFYP,3
KGC,43
KGRN,3
KHC,27
KIDS,31
KIE,3
KIIIU,3
KIM,42
KIN,11
KINS,42
KINZ,3
KINZU,3
KIO,41
KIQ,11
KIRK,13
KJAN,3
KJUL,3
KKR,42
KL,0
KLAC,32
KLAQ,3
KLAQU,3
KLAQW,11
KLCD,3
KLDO,0
KLDW,3
KLIC,0
KLR,25
KLXE,37
KMB,32
KMDA,49
KMED,3
KMF,41
KMI,43
KMLM,3
KMPH,13
KMPR,27
KMT,42
KMX,0
KN,31
KNDI,13
KNG,3
KNL,42
KNOP,2
KNSA,31
KNSL,0
KNTE,0
KNX,0
KO,7
KOCT,3
KOD,31
KODK,13
KOF,27
KOIN,3
KOKU,3
KOLD,3
KOMP,3
KOP,0
KOPN,49
KORP,3
KORU,3
KOS,41
KOSS,25
KPTI,13
KR,38
KRA,0
KRBN,3
KRBP,25
KRC,27
KRE,3
KREF,42
KRG,31
KRKR,11
KRMA,3
KRMD,11
KRNLU,3
KRNT,0
KRNY,42
KRO,25
KRON,31
KROS,0
KRP,41
KRTX,0
KRUS,25
KRYS,49
KSA,3
KSCD,3
KSM,41
KSMT,3
KSMTU,49
KSPN,25
KSS,42
KSTR,3
KSU,27
KT,3
KTB,31
KTCC,3
KTF,41
KTOS,0
KTRA,44
KUKE,3
KURA,13
KURE,3
KVHI,49
KVLE,3
KW,42
KWAC,3
KWEB,3
KWR,31
KWT,3
KXI,3
KXIN,44
KYMR,0
KYN,41
KZIA,3
KZR,49
L,0
LABD,3
LABP,3
LABU,3
LAC,49
LACQ,49
LACQU,3
LAD,27
LADR,2
LAIX,11
LAKE,0
LAMR,27
LANC,27
LAND,42
LANDM,3
LANDO,41
LARK,42
LASR,0
LATN,49
LATNU,49
LAUR,0
LAWS,0
LAZ,42
LAZR,49
LAZY,13
LB,42
LBAI,42
LBAY,3
LBC,25
LBJ,3
LBRDA,0
LBRDK,0
LBRDP,41
LBRT,0
LBTYA,0
LBTYB,25
LBTYK,0
LC,0
LCAP,3
LCAPU,0
LCG,3
LCI,13
LCII,27
LCNB,42
LCR,3
LCTX,11
LCUT,31
LCY,3
LCYAU,3
LD,3
LDEM,3
LDI,3
LDL,0
LDOS,27
LDP,3
LDRS,3
LDSF,3
LDUR,3
LE,25
LEA,38
LEAD,3
LEAF,3
LEAP,3
LECO,27
LEDS,44
LEE,11
LEG,42
LEGH,25
LEGN,0
LEGOU,49
LEGR,3
LEJU,11
LEMB,3
LEN,27
LEND,3
LEO,41
LESL,0
LEU,49
LEVI,0
LEVL,49
LEVLP,41
LEXX,3
LFC,38
LFEQ,3
LFMD,3
LFT,2
LFTR,3
LFTRU,3
LFUS,27
LFVN,0
LGACU,3
LGH,3
LGHL,11
LGI,2
LGIH,0
LGL,49
LGLV,3
LGND,13
LGOV,3
LGVN,3
LH,0
LHC,30
LHCG,0
LHDX,3
LHX,32
LI,43
LIFE,11
LII,27
LILA,0
LILAK,0
LIN,32
LINC,0
LIND,49
LINX,3
LIQT,0
LIT,3
LITB,11
LITE,13
LIV,3
LIVE,49
LIVK,3
LIVKU,3
LIVN,0
LIVX,11
LIXT,44
LIZI,3
LJAQ,3
LJAQU,3
LJAQW,11
LJPC,13
LKCO,43
LKFN,42
LKOR,3
LKQ,0
LL,0
LLIT,49
LLNW,11
LLY,32
LMACU,3
LMAOU,3
LMAT,31
LMB,49
LMBS,3
LMFA,11
LMND,49
LMNL,44
LMNR,42
LMNX,0
LMPX,49
LMRK,2
LMRKO,3
LMST,49
LMT,14
LNC,27
LND,11
LNDC,0
LNFA,3
LNG,0
LNGR,3
LNN,27
LNSR,49
LNT,27
LNTH,0
LOAC,25
LOACU,3
LOAN,2
LOB,49
LOCO,0
LODE,11
LOGC,0
LOGI,31
LOKB,3
LOMA,41
LOOP,25
LOPE,0
LORL,0
LOTZ,3
LOUP,3
LOV,11
LOVE,13
LOW,38
LOWC,3
LPG,0
LPI,37
LPL,3
LPLA,27
LPRO,49
LPSN,13
LPTH,11
LPTX,11
LPX,0
LQD,43
LQDH,3
LQDI,3
LQDT,49
LRCX,32
LRGE,3
LRGF,3
LRMR,0
LRN,0
LRNZ,3
LSAF,3
LSAQ,3
LSAT,3
LSBK,25
LSCC,0
LSEA,3
LSF,49
LSI,27
LSLT,3
LSPD,0
LSST,3
LSTR,0
LSXMA,0
LSXMB,25
LSXMK,0
LTBR,3
LTC,42
LTHM,13
LTL,3
LTPZ,3
LTRN,49
LTRPA,0
LTRPB,25
LTRX,44
LU,3
LUB,44
LULU,0
LUMN,43
LUMO,49
LUNA,0
LUNG,49
LUV,43
LUXA,3
LUXAU,3
LUXE,3
LVHD,3
LVHI,3
LVOL,3
LVS,25
LW,0
LWAC,3
LWACU,3
LWACW,11
LWAY,25
LX,3
LXEH,3
LXFR,0
LXP,42
LXRX,0
LXU,11
LYB,32
LYFE,3
LYFT,43
LYG,4
LYL,44
LYRA,0
LYTS,42
LYV,0
LZB,0
M,43
MA,7
MAA,32
MAAC,3
MAACU,3
MAAX,3
MAC,13
MACAU,3
MACK,42
MACQU,3
MACU,3
MACUU,3
MAG,0
MAGA,3
MAGS,41
MAIN,2
MAN,27
MANH,0
MANT,27
MANU,0
MAR,38
MARA,43
MARB,3
MARK,11
MARPS,2
MARZ,3
MAS,0
MASI,0
MASS,3
MAT,18
MATW,42
MATX,42
MAV,41
MAX,3
MAXN,25
MAXR,0
MAYS,31
MBB,3
MBBB,3
MBCN,42
MBI,0
MBII,11
MBIN,25
MBINO,41
MBINP,41
MBIO,11
MBND,3
MBNKP,41
MBOT,0
MBRX,11
MBSD,3
MBT,20
MBUU,0
MBWM,42
MC,42
MCA,41
MCADU,3
MCB,0
MCBC,42
MCBS,49
MCD,32
MCEF,3
MCF,44
MCFE,0
MCFT,0
MCHI,3
MCHP,27
MCHX,11
MCI,2
MCK,27
MCMJ,49
MCN,2
MCO,27
MCR,2
MCRB,31
MCRI,49
MCRO,3
MCS,13
MCY,27
MD,0
MDB,31
MDC,27
MDCA,11
MDGL,13
MDGS,37
MDIA,11
MDIV,3
MDJH,44
MDLA,31
MDLY,2
MDLZ,27
MDNA,44
MDP,31
MDRR,41
MDRRP,41
MDRX,13
MDT,38
MDU,42
MDVL,3
MDWD,49
MDWT,49
MDXG,31
MDY,3
MDYG,3
MDYV,3
MEAR,3
MEC,0
MED,32
MEDP,0
MEDS,25
MEG,49
MEI,0
MEIP,11
MELI,0
MEN,41
MEOH,0
MERC,49
MESA,0
MESO,3
MET,27
METC,11
METX,44
MEXX,3
MFA,2
MFC,42
MFD,2
MFDX,3
MFEM,3
MFG,11
MFGP,41
MFH,3
MFIN,49
MFINL,3
MFL,41
MFM,41
MFMS,3
MFNC,42
MFT,41
MFUS,3
MFV,2
MG,49
MGA,38
MGC,3
MGEE,42
MGF,2
MGI,0
MGIC,25
MGK,3
MGLN,0
MGM,0
MGMT,3
MGNI,0
MGNX,0
MGP,27
MGPI,31
MGRC,27
MGTA,0
MGTX,49
MGU,41
MGV,3
MGY,0
MGYR,25
MHD,41
MHE,41
MHF,41
MHH,25
MHI,41
MHK,27
MHLD,11
MHN,41
MHO,0
MIC,32
MICT,44
MID,3
MIDD,13
MIDF,3
MIDU,3
MIE,11
MIG,3
MIK,13
MILE,3
MILEW,11
MILN,3
MIME,0
MIN,2
MINC,3
MIND,11
MINDP,41
MINT,3
MIRM,0
MIST,0
MITK,0
MITO,11
MITT,2
MIXT,3
MIY,41
MJ,3
MJJ,3
MJO,3
MKC,27
MKD,11
MKGI,44
MKL,40
MKSI,27
MKTX,27
MLAB,31
MLAC,3
MLACU,3
MLCO,3
MLHR,42
MLI,0
MLM,27
MLN,3
MLND,11
MLP,25
MLPA,3
MLPB,3
MLPO,3
MLPR,3
MLPX,3
MLR,42
MLSS,44
MLVF,0
MMAC,49
MMC,27
MMD,41
MMI,0
MMIN,3
MMIT,3
MMLG,3
MMLP,2
MMM,32
MMP,32
MMS,27
MMSI,31
MMT,2
MMTM,3
MMU,41
MMX,25
MMYT,49
MN,42
MNA,3
MNDO,2
MNKD,11
MNOV,31
MNP,41
MNPR,25
MNR,42
MNRL,42
MNRO,0
MNSB,0
MNSBP,3
MNSO,0
MNST,49
MNTK,3
MNTX,49
MO,32
MOAT,3
MOD,0
MODN,31
MODV,3
MOFG,42
MOGO,49
MOGU,11
MOH,0
MOHO,44
MOM,3
MOMO,0
MONCU,3
MOO,3
MOON,3
MOR,3
MORF,31
MORN,25
MORT,3
MOS,0
MOSY,11
MOTI,3
MOTN,3
MOTNU,3
MOTO,3
MOTS,11
MOTV,3
MOV,0
MOXC,44
MP,49
MPA,41
MPAA,31
MPB,49
MPC,42
MPLN,31
MPLX,2
MPV,2
MPW,42
MPWR,27
MPX,25
MQT,41
MQY,41
MRAC,3
MRACU,3
MRAD,3
MRAM,3
MRBK,49
MRC,0
MRCC,2
MRCY,0
MREO,11
MRGR,3
MRIN,11
MRK,7
MRKR,11
MRLN,42
MRM,3
MRNA,43
MRNS,31
MRO,43
MRSK,3
MRSN,13
MRTN,49
MRTX,31
MRUS,0
MRVI,0
MRVL,43
MS,7
MSA,31
MSACU,3
MSB,2
MSBI,42
MSC,49
MSCI,27
MSD,41
MSEX,42
MSFT,34
MSGE,0
MSGM,3
MSGN,13
MSGS,0
MSI,27
MSM,27
MSN,44
MSON,49
MSOS,3
MSP,0
MSTB,3
MSTR,13
MSVB,49
MSVX,3
MT,38
MTA,3
MTAC,3
MTACU,3
MTB,32
MTBC,49
MTBCP,2
MTC,44
MTCH,27
MTCR,49
MTD,27
MTDR,13
MTEM,49
MTEX,25
MTG,31
MTGP,3
MTH,0
MTL,11
MTLS,3
MTN,27
MTNB,11
MTOR,0
MTP,11
MTR,2
MTRN,0
MTRX,0
MTSC,0
MTSI,49
MTSL,11
MTT,41
MTUL,3
MTUM,3
MTW,0
MTX,0
MTZ,31
MU,43
MUA,41
MUB,3
MUC,41
MUDS,16
MUDSU,16
MUDSW,11
MUE,41
MUFG,38
MUH,3
MUI,41
MUJ,41
MUNI,3
MUR,13
MUS,3
MUSA,0
MUST,3
MUX,11
MVBF,49
MVF,41
MVIS,13
MVO,2
MVRL,3
MVT,41
MVV,3
MWA,0
MWK,25
MX,0
MXC,25
MXDU,3
MXE,3
MXF,41
MXI,3
MXIM,0
MXL,0
MYC,41
MYD,41
MYE,42
MYF,41
MYFW,49
MYGN,0
MYI,41
MYJ,41
MYN,41
MYO,49
MYOV,25
MYRG,0
MYSZ,11
MYT,11
MYTE,3
MYY,3
MZA,41
MZZ,3
NAACU,3
NAC,41
NACP,3
NAD,41
NAII,49
NAIL,3
NAK,43
NAKD,33
NAN,41
NANR,3
NAOV,11
NAPR,3
NARI,49
NAT,2
NATH,49
NATI,42
NATR,0
NAV,31
NAVB,44
NAVI,42
NAZ,41
NBA,3
NBAC,0
NBACU,3
NBB,41
NBEV,11
NBH,41
NBHC,42
NBIX,0
NBLX,25
NBN,0
NBO,41
NBR,37
NBRV,11
NBSE,49
NBTB,42
NBTX,3
NBW,41
NBY,11
NC,25
NCA,3
NCB,3
NCBS,0
NCLH,12
NCMI,2
NCNA,3
NCNO,0
NCR,31
NCSM,0
NCTY,9
NCV,2
NCZ,2
NDACU,3
NDAQ,27
NDLS,0
NDMO,41
NDP,2
NDRA,11
NDSN,27
NEA,41
NEAR,3
NEBC,3
NEBCU,3
NEBCW,11
NEE,27
NEM,27
NEN,49
NEO,0
NEOG,0
NEON,49
NEOS,11
NEP,27
NEPH,49
NEPT,11
NERD,3
NERV,11
NES,11
NESR,49
NET,0
NETE,49
NETI,0
NETL,3
NEU,14
NEV,41
NEW,3
NEWA,44
NEWR,13
NEWT,2
NEX,11
NEXA,25
NEXI,3
NEXT,11
NFBK,42
NFE,25
NFG,42
NFH,49
NFJ,2
NFLT,3
NFLX,0
NFRA,3
NFTY,3
NG,49
NGA,3
NGAC,3
NGACU,3
NGD,11
NGE,3
NGG,41
NGL,2
NGM,49
NGMS,25
NGS,0
NGVC,25
NGVT,0
NH,44
NHC,27
NHF,2
NHI,32
NHIC,49
NHICU,3
NHS,2
NHTC,2
NI,42
NIB,3
NICE,0
NICK,3
NID,41
NIE,41
NIFE,3
NIM,41
NINE,11
NIO,10
NIQ,3
NISN,25
NIU,3
NJAN,3
NJR,42
NJUL,3
NJV,3
NK,25
NKE,38
NKG,41
NKLA,25
NKSH,42
NKTR,31
NKTX,1
NKX,41
NL,25
NLOK,0
NLR,3
NLS,13
NLSN,0
NLSP,11
NLSPW,11
NLTX,31
NLY,2
NM,3
NMCI,49
NMCO,41
NMFC,2
NMI,41
NMIH,0
NML,11
NMM,13
NMMC,3
NMMCU,0
NMR,41
NMRD,25
NMRK,0
NMS,41
NMT,41
NMTR,11
NMY,41
NMZ,41
NNA,2
NNBR,31
NNDM,12
NNI,49
NNN,42
NNOX,49
NNVC,43
NNY,41
NOA,0
NOAC,3
NOACU,3
NOACW,11
NOAH,0
NOBL,3
NOC,32
NOCT,3
NODK,25
NOG,49
NOK,12
NOM,41
NOMD,0
NORW,3
NOV,0
NOVA,0
NOVN,43
NOVT,0
NOW,0
NP,27
NPA,0
NPAUU,3
NPK,49
NPN,3
NPO,27
NPTN,0
NPV,41
NQP,41
NR,11
NRACU,3
NRBO,11
NRC,25
NREF,41
NRG,27
NRGD,11
NRGU,3
NRGX,41
NRIM,42
NRIX,0
NRK,41
NRO,2
NRP,2
NRT,2
NRZ,2
NS,2
NSA,42
NSC,32
NSCO,0
NSEC,25
NSH,3
NSIT,31
NSL,2
NSP,27
NSPR,11
NSSC,31
NSTB,3
NSTG,13
NSYS,25
NTAP,27
NTB,27
NTCO,3
NTCT,0
NTEC,13
NTES,27
NTG,2
NTGR,13
NTIC,49
NTIP,44
NTLA,13
NTN,11
NTNX,0
NTP,25
NTR,27
NTRA,0
NTRS,27
NTRSO,41
NTST,41
NTSX,3
NTUS,0
NTWK,11
NTZ,25
NUAG,3
NUAN,13
NUBD,3
NUDM,3
NUE,27
NUEM,3
NUGT,3
NUHY,3
NULC,3
NULG,3
NULV,3
NUMG,3
NUMV,3
NUO,41
NURE,3
NURO,11
NUS,42
NUSA,3
NUSC,3
NUSI,3
NUV,41
NUVA,0
NUVB,3
NUW,3
NUZE,49
NVAX,0
NVCN,11
NVCR,0
NVDA,38
NVEC,32
NVEE,31
NVFY,44
NVG,41
NVGS,49
NVIV,11
NVMI,0
NVMZ,3
NVO,27
NVOS,11
NVQ,3
NVR,26
NVRO,31
NVS,7
NVSAU,3
NVST,0
NVT,0
NVTA,13
NWBI,42
NWE,27
NWFL,42
NWG,3
NWHM,49
NWL,42
NWLI,27
NWN,27
NWPX,0
NWS,49
NWSA,0
NX,18
NXC,41
NXE,11
NXGN,0
NXJ,41
NXN,41
NXP,41
NXPI,27
NXQ,41
NXR,41
NXRT,42
NXST,27
NXTC,0
NXTD,43
NXTG,3
NYC,41
NYCB,42
NYF,3
NYMT,2
NYMTM,41
NYMTN,41
NYMTO,2
NYMTP,41
NYMX,31
NYT,0
NYV,41
NZF,41
O,27
OACB,3
OAS,3
OBAS,25
OBCI,25
OBLG,44
OBLN,11
OBNK,0
OBOR,3
OBSV,11
OC,27
OCA,3
OCAXU,3
OCC,44
OCCI,2
OCCIP,41
OCDX,3
OCFC,42
OCFCP,41
OCFT,3
OCG,44
OCGN,12
OCIO,3
OCN,0
OCSI,2
OCSL,2
OCTZ,3
OCUL,0
OCUP,3
OCX,11
ODC,42
ODFL,0
ODP,0
ODT,0
OEC,0
OEF,3
OEG,3
OEPWU,3
OESX,0
OEUR,3
OFC,42
OFED,25
OFG,0
OFIX,0
OFLX,31
OFS,2
OGCP,41
OGE,42
OGEN,43
OGI,43
OGIG,3
OGS,27
OHI,2
OHPAU,3
OI,0
OIA,41
OIH,3
OII,0
OIIM,3
OIL,3
OILK,3
OIS,0
OKE,32
OKTA,21
OLB,25
OLD,3
OLED,0
OLLI,13
OLMA,49
OLN,42
OLP,2
OM,0
OMAB,3
OMC,27
OMCL,0
OMEG,3
OMER,13
OMEX,31
OMF,32
OMFL,3
OMFS,3
OMI,0
OMP,2
ON,0
ONB,42
ONCR,3
ONCS,25
ONCT,49
ONCY,11
ONDS,49
ONE,11
ONEM,31
ONEO,3
ONEQ,3
ONEV,3
ONEW,8
ONEY,3
ONLN,3
ONOF,3
ONTF,3
ONTO,0
ONTX,12
OOMA,31
OPBK,49
OPCH,0
OPEN,43
OPENW,3
OPER,3
OPGN,12
OPHC,44
OPI,2
OPINI,27
OPK,13
OPNT,3
OPOF,49
OPP,41
OPRA,3
OPRT,0
OPRX,0
OPT,3
OPTN,31
OPTT,11
OPY,49
OR,0
ORA,0
ORAN,41
ORBC,0
ORC,2
ORCC,41
ORCL,7
ORGO,25
ORGS,49
ORI,42
ORIC,31
ORLA,31
ORLY,27
ORMP,49
ORN,0
ORPH,3
ORRF,42
ORTX,0
OSBC,0
OSCR,3
OSCV,3
OSG,11
OSH,0
OSIS,31
OSK,27
OSMT,44
OSN,44
OSPN,0
OSS,49
OSTK,0
OSTRU,3
OSUR,13
OSW,31
OTEL,25
OTEX,42
OTIC,11
OTIS,0
OTLK,44
OTRA,3
OTRAU,3
OTRK,13
OTRKP,41
OTTR,42
OUNZ,3
OUSA,3
OUSM,3
OUT,42
OVB,3
OVBC,42
OVF,3
OVID,43
OVL,3
OVLH,3
OVLY,49
OVM,3
OVS,3
OVT,3
OVV,0
OXBR,44
OXBRW,11
OXFD,0
OXLC,2
OXLCM,41
OXLCO,2
OXLCP,41
OXM,42
OXSQ,2
OXY,43
OYST,31
OZK,42
OZON,3
PAA,2
PAAS,0
PAC,3
PACB,0
PACE,3
PACK,0
PACW,42
PACX,3
PACXU,3
PACXW,11
PAE,0
PAG,42
PAGP,2
PAGS,0
PAHC,42
PAI,41
PAIC,49
PAICU,3
PAK,3
PALC,3
PALL,3
PAM,8
PAMC,3
PAND,49
PANL,44
PANW,0
PAPR,3
PAQC,3
PAQCU,3
PAQCW,11
PAR,31
PARR,0
PASG,0
PATI,49
PATK,27
PAUG,3
PAVE,3
PAVM,11
PAVMW,11
PAWZ,3
PAX,3
PAYA,25
PAYC,0
PAYS,44
PAYX,27
PB,27
PBA,41
PBCT,42
PBCTP,41
PBD,3
PBDM,3
PBE,3
PBEE,3
PBF,13
PBFS,25
PBFX,2
PBH,0
PBHC,49
PBI,42
PBIP,42
PBJ,3
PBLA,11
PBND,3
PBP,3
PBPB,49
PBR,12
PBS,3
PBSM,3
PBT,2
PBTP,3
PBTS,11
PBUS,3
PBW,3
PBYI,31
PCAR,27
PCB,49
PCEF,3
PCF,2
PCG,43
PCGU,0
PCH,42
PCI,41
PCK,41
PCM,2
PCN,41
PCOM,49
PCPC,3
PCQ,41
PCRX,13
PCSA,49
PCSB,0
PCTI,42
PCTY,49
PCVX,31
PCY,3
PCYG,49
PCYO,0
PD,13
PDAC,3
PDBC,3
PDCE,0
PDCO,42
PDD,43
PDEC,3
PDEV,3
PDEX,49
PDFS,49
PDI,41
PDLB,25
PDM,42
PDN,3
PDP,3
PDS,3
PDSB,11
PDT,2
PEAK,42
PEB,13
PEBK,49
PEBO,42
PED,44
PEG,27
PEGA,25
PEI,2
PEJ,3
PEN,0
PENN,0
PEO,42
PEP,7
PERI,49
PESI,3
PETQ,13
PETS,13
PETZ,44
PEX,3
PEXL,3
PEY,3
PEZ,3
PFBC,42
PFBI,42
PFC,42
PFD,41
PFDRU,3
PFE,7
PFEB,3
PFF,3
PFFA,3
PFFD,3
PFFL,3
PFFR,3
PFFV,3
PFG,27
PFGC,0
PFHD,0
PFI,3
PFIE,44
PFIG,3
PFIN,25
PFIS,42
PFL,2
PFLD,3
PFLT,2
PFM,3
PFMT,44
PFN,2
PFO,2
PFPT,0
PFS,42
PFSI,25
PFSW,49
PFX,49
PFXF,3
PFXNL,3
PG,7
PGAL,3
PGC,0
PGEN,31
PGF,3
PGHY,3
PGJ,3
PGM,3
PGNY,0
PGP,2
PGR,32
PGRE,42
PGRWU,3
PGTI,0
PGX,3
PGZ,41
PH,32
PHAR,3
PHAS,13
PHAT,49
PHB,3
PHCF,44
PHD,2
PHDG,3
PHG,27
PHGE,49
PHI,41
PHIC,3
PHICU,3
PHK,2
PHM,0
PHO,3
PHR,0
PHT,2
PHUN,11
PHVS,3
PHX,11
PHYL,3
PHYS,3
PI,13
PIAI,3
PICB,3
PICK,3
PICO,3
PID,3
PIE,3
PIFI,3
PII,27
PILL,3
PIM,2
PIN,3
PINC,0
PINE,41
PING,0
PINS,43
PIO,3
PIPP,3
PIPR,0
PIRS,11
PIXY,44
PIZ,3
PJAN,3
PJP,27
PJT,0
PJUL,3
PJUN,3
PK,41
PKB,3
PKBK,42
PKE,42
PKG,32
PKI,0
PKO,41
PKOH,49
PKW,3
PKX,32
PLAB,0
PLAG,44
PLAN,0
PLAT,3
PLAY,13
PLBC,49
PLBY,3
PLCE,13
PLD,27
PLG,44
PLIN,44
PLL,3
PLM,44
PLMR,0
PLNT,0
PLOW,42
PLPC,49
PLRX,0
PLSE,25
PLT,0
PLTK,3
PLTM,3
PLTR,33
PLUG,12
PLUS,0
PLW,3
PLX,44
PLXP,0
PLXS,0
PLYA,49
PLYM,42
PM,32
PMAR,3
PMAY,3
PMBC,0
PMD,42
PME,44
PMF,41
PMGMU,3
PML,41
PMM,41
PMO,41
PMT,2
PMVC,3
PMVP,31
PMX,41
PNBK,31
PNC,32
PNF,41
PNFP,0
PNFPP,41
PNI,41
PNM,42
PNNT,2
PNOV,3
PNQI,3
PNR,42
PNRG,25
PNTG,0
PNW,32
POAI,11
POCT,3
PODD,19
POLA,25
POOL,27
POR,27
POSH,3
POST,0
POTX,3
POW,3
POWI,0
POWL,42
POWRU,3
POWRW,11
POWW,49
PPA,3
PPBI,42
PPBT,11
PPC,25
PPD,49
PPG,27
PPGH,3
PPGHU,3
PPGHW,11
PPH,3
PPIH,3
PPL,42
PPLT,3
PPR,11
PPSI,25
PPT,2
PPTA,3
PPTY,3
PQDI,3
PQG,49
PQIN,3
PQLC,3
PQSG,3
PQSV,3
PRA,42
PRAA,31
PRAH,0
PRAX,31
PRCH,49
PRCHW,3
PRDO,31
PREF,3
PRF,3
PRFT,0
PRFX,25
PRFZ,3
PRG,0
PRGO,42
PRGS,0
PRI,27
PRIM,0
PRK,32
PRLB,0
PRLD,0
PRMW,0
PRN,3
PRNT,3
PRO,31
PROF,0
PROG,11
PROS,0
PROV,42
PRPB,3
PRPH,49
PRPL,0
PRPO,11
PRQR,11
PRSP,0
PRSR,3
PRSRU,3
PRSRW,11
PRT,41
PRTA,0
PRTC,3
PRTG,25
PRTH,25
PRTK,31
PRTS,13
PRTY,0
PRU,32
PRVB,49
PS,0
PSA,14
PSAC,13
PSACU,49
PSB,32
PSC,3
PSCC,3
PSCD,3
PSCE,3
PSCF,3
PSCH,3
PSCI,3
PSCM,3
PSCT,3
PSCU,3
PSCX,3
PSEC,2
PSEP,3
PSET,3
PSF,41
PSFD,3
PSFF,3
PSHG,25
PSI,3
PSJ,3
PSK,3
PSL,3
PSLV,3
PSMB,3
PSMC,3
PSMD,3
PSMG,3
PSMM,3
PSMT,0
PSN,0
PSNL,0
PSO,42
PSP,3
PSQ,3
PSR,3
PST,3
PSTG,0
PSTH,0
PSTL,41
PSTV,11
PSTX,0
PSX,32
PSXP,2
PT,11
PTA,3
PTBD,3
PTC,0
PTCT,31
PTE,11
PTEN,13
PTEU,3
PTF,3
PTGX,31
PTH,3
PTIC,3
PTICU,3
PTICW,11
PTIN,3
PTK,3
PTLC,3
PTMC,3
PTN,11
PTNQ,3
PTNR,11
PTON,43
PTPI,44
PTR,38
PTRS,25
PTSI,25
PTVCA,25
PTVCB,49
PTVE,25
PTY,2
PUBM,0
PUCKU,3
PUI,3
PUK,3
PULM,11
PULS,3
PUMP,49
PUTW,3
PUYI,3
PVAC,0
PVBC,49
PVG,0
PVH,0
PVI,3
PVL,2
PW,49
PWB,3
PWC,3
PWFL,0
PWOD,42
PWR,0
PWS,3
PWV,3
PWZ,3
PXD,27
PXE,3
PXF,3
PXH,3
PXI,3
PXJ,11
PXLW,11
PXQ,3
PXS,44
PXSAP,3
PY,3
PYN,41
PYPD,3
PYPE,3
PYPL,38
PYZ,3
PZA,3
PZC,41
PZD,3
PZG,11
PZN,42
PZT,3
PZZA,0
QABA,3
QADA,49
QADB,25
QAI,3
QARP,3
QAT,3
QCLN,3
QCOM,32
QCRH,0
QD,11
QDEC,3
QDEF,3
QDEL,0
QDF,3
QDIV,3
QDYN,3
QED,3
QEFA,3
QELL,3
QELLU,0
QEMM,3
QEP,11
QFIN,49
QGEN,0
QGRO,3
QH,3
QID,43
QINT,3
QIWI,41
QK,11
QLC,3
QLD,3
QLGN,11
QLI,11
QLS,3
QLTA,3
QLV,3
QLVD,3
QLVE,3
QLYS,13
QMCO,0
QMJ,3
QMN,3
QMOM,3
QNST,0
QPT,3
QPX,3
QQC,3
QQD,3
QQEW,3
QQH,3
QQQ,33
QQQE,3
QQQJ,3
QQQM,3
QQQN,3
QQQX,41
QQXT,3
QRFT,3
QRHC,11
QRTEA,0
QRTEB,25
QRTEP,41
QRVO,0
QS,43
QSR,27
QSY,3
QTEC,3
QTNT,11
QTRX,0
QTS,31
QTT,11
QTUM,3
QTWO,31
QUAD,42
QUAL,3
QUIK,3
QULL,3
QUMU,49
QUOT,0
QURE,0
QUS,3
QVAL,3
QWLD,3
QYLD,3
QYLG,3
R,27
RA,41
RAAC,3
RAACU,3
RAACW,11
RAAS,3
RAAX,3
RACA,0
RACE,49
RAD,13
RADA,3
RADI,0
RAFE,3
RAIL,11
RALS,3
RAMP,0
RAND,25
RAPT,31
RARE,31
RAVE,11
RAVI,3
RAVN,0
RAYC,3
RBA,42
RBAC,3
RBB,49
RBBN,49
RBC,27
RBCAA,25
RBCN,0
RBIN,3
RBKB,25
RBNC,42
RBND,3
RBUS,3
RC,2
RCD,3
RCEL,3
RCG,11
RCHG,3
RCHGU,3
RCI,42
RCII,27
RCKT,31
RCKY,42
RCL,43
RCLFU,3
RCM,0
RCMT,11
RCON,44
RCS,2
RCUS,31
RDCM,3
RDFI,3
RDFN,0
RDHL,0
RDI,49
RDIB,25
RDIV,3
RDN,0
RDNT,0
RDOG,3
RDUS,31
RDVT,31
RDVY,3
RDWR,0
RDY,3
RE,32
REAL,13
REC,3
RECS,3
REDU,0
REED,11
REET,3
REFR,11
REG,27
REGI,13
REGL,3
REGN,27
REI,13
REIT,3
REK,3
REKR,49
RELI,11
RELIW,11
RELL,41
RELX,42
REM,3
REML,3
REMX,3
RENN,25
REPH,11
REPL,0
REPX,41
RES,25
RESD,3
RESE,3
RESN,11
RESP,3
RETA,31
RETL,3
RETO,44
REV,25
REVG,0
REVS,3
REW,3
REX,0
REXR,42
REYN,25
REZ,3
REZI,0
RF,42
RFAP,3
RFCI,3
RFDA,3
RFDI,3
RFEM,3
RFEU,3
RFFC,3
RFG,3
RFI,2
RFIL,3
RFL,49
RFM,3
RFMZ,3
RFP,0
RFUN,3
RFV,3
RGA,27
RGCO,42
RGEN,0
RGI,3
RGLD,27
RGLS,11
RGNX,0
RGP,42
RGR,27
RGS,13
RGT,41
RH,13
RHE,3
RHI,27
RHP,42
RHS,3
RIBT,11
RICE,3
RICK,0
RIDE,49
RIG,12
RIGL,13
RIGS,3
RILY,25
RILYL,41
RILYP,41
RINF,3
RING,3
RIO,32
RIOT,43
RISN,3
RIV,2
RIVE,3
RJA,3
RJF,27
RJI,3
RJN,11
RJZ,3
RKDA,11
RKT,33
RL,0
RLAY,31
RLGT,49
RLGY,13
RLH,11
RLI,42
RLJ,31
RLMD,31
RLX,3
RLY,3
RM,0
RMAX,42
RMBI,49
RMBL,49
RMBS,0
RMCF,49
RMD,27
RMED,49
RMGB,3
RMGBU,3
RMGBW,11
RMGCU,3
RMI,41
RMM,41
RMNI,49
RMO,25
RMR,27
RMRM,3
RMT,2
RMTI,11
RNA,31
RNDB,49
RNDM,3
RNDV,3
RNEM,3
RNET,0
RNG,0
RNGR,49
RNLC,3
RNLX,3
RNMC,3
RNP,2
RNR,27
RNRG,3
RNSC,3
RNST,42
RNWK,44
ROAD,0
ROAM,3
ROBO,3
ROBT,3
ROCC,3
ROCCU,3
ROCH,0
ROCHU,3
ROCK,0
ROCRU,3
RODE,3
RODI,3
RODM,3
ROG,0
ROIC,42
ROK,32
ROKT,3
ROKU,0
ROL,25
ROLL,27
ROM,3
ROMO,3
ROOF,3
ROOT,49
ROP,27
RORO,3
ROSC,3
ROST,0
ROUS,3
RP,13
RPAI,42
RPAR,3
RPAY,0
RPD,31
RPG,3
RPLA,49
RPM,27
RPRX,49
RPT,42
RPTX,0
RPV,3
RQI,2
RRBI,49
RRC,13
RRD,11
RRGB,0
RRR,0
RS,27
RSF,41
RSG,27
RSI,0
RSP,3
RSSS,44
RSVA,3
RSVAU,3
RSX,3
RSXJ,3
RTAI,3
RTH,3
RTLR,41
RTM,3
RTP,3
RTPZ,3
RTX,38
RUBY,13
RUHN,11
RUN,13
RUSHA,0
RUSHB,25
RUSL,3
RUTH,0
RVI,42
RVLV,0
RVMD,31
RVNC,0
RVNU,3
RVP,25
RVPH,25
RVRS,3
RVSB,42
RVT,2
RWGV,3
RWJ,3
RWK,3
RWL,3
RWLK,11
RWM,3
RWO,3
RWR,3
RWT,2
RWVG,3
RWX,3
RXD,3
RXI,3
RXL,3
RXN,0
RXT,0
RY,32
RYAAY,3
RYAM,0
RYB,11
RYE,3
RYF,3
RYH,3
RYI,0
RYJ,3
RYLD,3
RYN,42
RYT,3
RYTM,0
RYU,3
RZG,3
RZLT,3
RZV,3
SA,31
SAA,3
SABR,13
SABRP,41
SACH,41
SAFE,25
SAFM,27
SAFT,32
SAGE,31
SAH,31
SAIA,0
SAIC,27
SAII,3
SAIIU,0
SAIL,31
SAL,42
SALM,44
SAM,0
SAMG,42
SAN,38
SANA,3
SAND,0
SANM,0
SANW,11
SAP,38
SAR,2
SASR,42
SATS,0
SAVA,0
SAVE,13
SB,44
SBAC,27
SBB,3
SBBP,11
SBCF,0
SBEAU,3
SBFG,42
SBG,3
SBGI,42
SBH,13
SBI,41
SBIO,3
SBLK,49
SBM,3
SBNY,27
SBNYP,3
SBOW,0
SBR,2
SBRA,2
SBS,41
SBSI,42
SBSW,41
SBT,25
SBTX,31
SBUG,3
SBUX,38
SC,25
SCC,3
SCCO,25
SCD,2
SCDL,3
SCHA,3
SCHB,3
SCHC,3
SCHD,3
SCHE,3
SCHF,3
SCHG,3
SCHH,3
SCHI,3
SCHJ,3
SCHK,3
SCHL,42
SCHM,3
SCHN,42
SCHO,3
SCHP,3
SCHQ,3
SCHR,3
SCHV,3
SCHW,27
SCHX,3
SCHZ,3
SCI,42
SCJ,3
SCKT,49
SCL,27
SCLEU,3
SCM,2
SCO,3
SCOA,3
SCOAU,3
SCOAW,11
SCOBU,3
SCOR,11
SCPE,0
SCPH,0
SCPL,0
SCPS,3
SCR,3
SCS,42
SCSC,0
SCU,41
SCVL,31
SCVX,3
SCWX,31
SCX,49
SCZ,3
SD,11
SDACU,3
SDC,13
SDCI,3
SDD,3
SDEF,3
SDEI,3
SDEM,3
SDG,3
SDGA,3
SDGR,49
SDH,11
SDHY,41
SDIV,3
SDOG,3
SDOW,43
SDP,3
SDPI,44
SDS,43
SDVY,3
SDY,3
SE,0
SEAC,11
SEAH,3
SEAS,0
SEB,39
SECO,11
SECT,3
SEDG,0
SEE,0
SEED,49
SEER,49
SEF,3
SEIC,49
SEIX,3
SELB,11
SELF,11
SEM,0
SENEA,0
SENEB,25
SENS,12
SENT,3
SEPZ,3
SESN,11
SF,0
SFBC,49
SFBS,42
SFE,0
SFET,11
SFHY,3
SFIG,3
SFIX,13
SFL,2
SFM,13
SFNC,42
SFST,0
SFT,49
SFTW,3
SFUN,3
SFY,3
SFYF,3
SFYX,3
SGA,31
SGAM,3
SGAMU,3
SGBX,49
SGC,49
SGDJ,3
SGDM,3
SGEN,0
SGFY,3
SGG,3
SGH,19
SGLB,11
SGMA,49
SGMO,31
SGMS,31
SGOC,44
SGOL,3
SGOV,3
SGRP,44
SGRY,0
SGTX,49
SGU,41
SH,43
SHACU,3
SHAG,3
SHAK,13
SHBI,42
SHC,0
SHE,3
SHEN,0
SHG,3
SHI,41
SHIP,43
SHIPW,11
SHLD,3
SHLS,3
SHLX,2
SHM,3
SHO,42
SHOO,0
SHOP,0
SHSP,49
SHV,3
SHW,32
SHY,3
SHYD,3
SHYF,0
SHYG,3
SHYL,3
SI,0
SIBN,0
SIC,49
SID,3
SIEB,44
SIEN,0
SIF,25
SIFY,11
SIG,13
SIGA,49
SIGI,27
SIGIP,41
SII,41
SIJ,3
SIL,3
SILC,49
SILJ,3
SILK,13
SILV,0
SIM,41
SIMO,27
SIMS,3
SINA,31
SINO,49
SINT,11
SIOX,44
SIRI,43
SITC,42
SITE,31
SITM,49
SIVB,27
SIVBP,41
SIVR,3
SIX,0
SIXA,3
SIXH,3
SIXL,3
SIXS,3
SIZE,3
SJ,25
SJB,3
SJI,42
SJM,32
SJNK,3
SJR,42
SJT,2
SJW,42
SKF,3
SKLZ,43
SKM,32
SKOR,3
SKT,13
SKX,0
SKY,0
SKYU,3
SKYW,0
SKYY,3
SLAB,0
SLAMU,3
SLB,43
SLCA,0
SLCRU,3
SLCT,49
SLDB,49
SLF,42
SLG,32
SLGG,12
SLGL,25
SLGN,49
SLM,0
SLMBP,41
SLN,3
SLNO,11
SLP,31
SLQD,3
SLQT,49
SLRC,2
SLRX,11
SLS,3
SLT,3
SLV,12
SLVO,3
SLVP,3
SLX,3
SLY,3
SLYG,3
SLYV,3
SM,13
SMAR,0
SMB,3
SMBC,42
SMBK,49
SMCI,0
SMCP,3
SMDD,3
SMDV,3
SMDY,3
SMED,49
SMEZ,3
SMFG,2
SMG,27
SMH,3
SMHB,3
SMHI,49
SMID,49
SMIN,3
SMIT,3
SMLF,3
SMLP,2
SMLV,3
SMM,41
SMMD,3
SMMF,42
SMMT,25
SMMU,3
SMMV,3
SMN,3
SMOG,3
SMP,42
SMPL,0
SMSI,49
SMTC,0
SMTI,25
SMTS,11
SMTX,3
SNA,32
SNAP,43
SNBR,0
SNCA,11
SNCR,11
SND,11
SNDE,11
SNDL,36
SNDR,25
SNDX,31
SNE,38
SNES,11
SNEX,49
SNFCA,49
SNGX,11
SNLN,3
SNMP,11
SNN,3
SNOA,3
SNOW,0
SNP,38
SNPE,3
SNPR,3
SNPS,0
SNR,2
SNRH,3
SNRHU,3
SNRHW,11
SNSE,3
SNSR,3
SNUG,3
SNV,27
SNX,38
SNY,32
SO,32
SOAC,3
SOGO,49
SOHO,11
SOHOB,41
SOHON,41
SOHOO,41
SOHU,49
SOI,42
SOL,3
SOLO,43
SOLY,25
SON,27
SONA,42
SONM,11
SONN,11
SONO,0
SOR,41
SOS,33
SOVB,3
SOXL,43
SOXS,43
SOXX,27
SOYB,3
SP,0
SPAB,3
SPAK,3
SPB,27
SPBO,3
SPCB,11
SPCE,43
SPD,3
SPDN,3
SPDV,3
SPDW,3
SPE,2
SPEM,3
SPEU,3
SPFF,3
SPFI,49
SPFR,3
SPG,32
SPGI,32
SPGM,3
SPGP,3
SPH,2
SPHB,3
SPHD,3
SPHQ,3
SPHY,3
SPI,49
SPIB,3
SPIP,3
SPKE,42
SPKEP,41
SPLB,3
SPLG,3
SPLK,0
SPLP,49
SPLV,3
SPMB,3
SPMD,3
SPMO,3
SPMV,3
SPNE,0
SPNS,25
SPNT,3
SPNV,3
SPOK,42
SPOT,49
SPPI,11
SPPP,3
SPQQ,3
SPR,0
SPRB,31
SPRE,3
SPRO,31
SPRQ,3
SPRT,11
SPSB,3
SPSC,0
SPSK,3
SPSM,3
SPT,0
SPTI,3
SPTKU,3
SPTL,3
SPTM,3
SPTN,42
SPTS,3
SPUC,3
SPUS,3
SPUU,3
SPVM,3
SPVU,3
SPWH,0
SPWR,13
SPXB,3
SPXC,0
SPXE,3
SPXL,3
SPXN,3
SPXS,3
SPXT,3
SPXU,43
SPXV,3
SPXX,2
SPXZ,3
SPY,33
SPYC,3
SPYD,3
SPYG,3
SPYV,27
SPYX,3
SQ,43
SQBG,37
SQEW,3
SQFT,41
SQLV,3
SQM,42
SQNS,0
SQQQ,33
SQZ,3
SR,27
SRAC,25
SRACU,16
SRAX,11
SRC,2
SRCE,42
SRCL,0
SRDX,0
SRE,32
SRET,3
SREV,11
SRG,13
SRGA,11
SRI,0
SRL,25
SRLN,3
SRLP,2
SRNE,13
SRNGU,3
SRPT,13
SRRA,0
SRRK,0
SRS,3
SRSA,3
SRSAU,3
SRT,25
SRTS,44
SRTY,3
SRV,2
SRVR,3
SSAAU,3
SSB,27
SSBI,41
SSD,0
SSG,3
SSKN,11
SSL,3
SSLY,3
SSNC,0
SSNT,25
SSO,3
SSP,31
SSPK,0
SSPKU,3
SSPY,3
SSRM,0
SSSS,41
SSTI,31
SSTK,49
SSUS,3
SSY,44
SSYS,0
ST,0
STAA,0
STAF,11
STAG,42
STAR,31
STAY,42
STBA,42
STC,27
STCN,11
STE,27
STEP,0
STFC,42
STG,11
STIC,3
STIM,0
STIP,3
STK,41
STKL,0
STKS,49
STL,0
STLA,38
STLC,3
STLD,42
STLG,3
STLV,3
STM,3
STMB,3
STMP,0
STN,0
STND,42
STNE,0
STNG,42
STOK,31
STON,11
STOR,42
STOT,3
STPC,3
STPK,3
STPZ,3
STRA,27
STRL,0
STRM,11
STRO,0
STRR,11
STRRP,31
STRS,31
STRT,0
STSA,0
STSB,3
STT,27
STTK,49
STWD,2
STWO,3
STWOU,0
STX,27
STXB,49
STXS,49
STZ,32
SU,42
SUB,3
SUI,27
SULR,3
SUM,0
SUMO,0
SUMR,49
SUN,2
SUNS,2
SUNW,3
SUP,3
SUPN,31
SUPV,11
SURF,0
SUSA,3
SUSB,3
SUSC,3
SUSL,3
SUZ,3
SV,3
SVA,49
SVAC,3
SVACU,0
SVAL,3
SVBI,49
SVC,42
SVFA,3
SVFAU,3
SVM,3
SVMK,0
SVOK,3
SVOKU,3
SVOKW,11
SVRA,11
SVSVU,3
SVT,25
SVVC,46
SVXY,3
SWAN,3
SWAV,0
SWBI,0
SWBK,3
SWCH,49
SWETU,3
SWI,0
SWIR,0
SWK,27
SWKH,0
SWKS,27
SWM,42
SWN,43
SWTX,31
SWX,27
SWZ,41
SXC,42
SXI,0
SXT,27
SXTC,11
SY,49
SYBT,42
SYBX,11
SYE,3
SYF,27
SYG,3
SYK,27
SYKE,0
SYLD,3
SYN,43
SYNA,13
SYNC,11
SYNH,0
SYNL,49
SYPR,44
SYRS,0
SYTA,3
SYV,3
SYX,25
SYY,27
SZC,2
SZK,3
SZNE,3
T,12
TA,0
TAAG,3
TAC,42
TACA,3
TACE,3
TACO,49
TACT,3
TADS,3
TAEQ,3
TAGS,3
TAIL,3
TAIT,44
TAK,41
TAL,0
TALO,0
TAN,3
TANH,44
TAOP,49
TAP,0
TARA,0
TARO,25
TARS,31
TAST,49
TATT,3
TAXF,3
TAYD,3
TBA,3
TBBK,0
TBCPU,3
TBF,3
TBI,0
TBIO,0
TBJL,3
TBK,0
TBKCP,41
TBLT,11
TBNK,42
TBPH,31
TBT,3
TBX,3
TC,11
TCACU,3
TCBI,31
TCBIL,3
TCBIP,41
TCBK,42
TCDA,11
TCF,42
TCFC,42
TCFCP,41
TCHP,3
TCI,25
TCMD,31
TCOM,0
TCON,3
TCPC,2
TCRR,0
TCS,0
TCTL,3
TCX,31
TD,27
TDAC,49
TDACU,3
TDC,0
TDF,27
TDG,0
TDIV,3
TDOC,0
TDS,42
TDSA,3
TDSB,3
TDSC,3
TDSD,3
TDSE,3
TDTF,3
TDTT,3
TDV,3
TDVG,3
TDW,0
TDY,0
TEAF,41
TEAM,0
TECB,3
TECH,27
TECK,0
TECL,3
TECS,3
TECTP,41
TEDU,11
TEF,41
TEGS,3
TEI,2
TEKK,3
TEKKU,3
TEL,27
TELA,0
TELL,44
TEN,0
TENB,0
TENX,11
TEO,42
TEQI,3
TER,0
TERM,3
TERN,3
TESS,49
TEVA,43
TEX,0
TFC,27
TFFP,49
TFI,3
TFII,0
TFIV,3
TFJL,3
TFLO,3
TFLT,3
TFSL,42
TFX,27
TG,42
TGA,11
TGB,11
TGH,0
TGI,0
TGIF,3
TGLS,25
TGNA,0
TGP,2
TGRW,3
TGS,44
TGT,32
TGTX,31
TH,11
THBR,0
THBRU,3
THC,0
THCA,49
THCAU,3
THCB,49
THCBU,3
THCX,3
THD,3
THFF,42
THG,27
THM,11
THMAU,3
THMO,13
THNQ,3
THO,27
THQ,41
THR,0
THRM,0
THRY,0
THS,13
THTX,11
THW,2
THY,3
TIG,49
TIGO,3
TIGR,43
TILE,0
TILT,3
TIMB,41
TINV,3
TIP,3
TIPT,49
TIPX,3
TIPZ,3
TIRX,3
TISI,0
TITN,0
TIXT,3
TJX,0
TK,44
TKAT,44
TKC,42
TKR,27
TLC,3
TLGT,11
TLH,3
TLIS,3
TLK,41
TLMD,0
TLMDW,11
TLND,0
TLRY,43
TLS,49
TLSA,11
TLT,43
TLTD,3
TLTE,3
TLYS,0
TM,38
TMAT,3
TMBR,13
TMDI,11
TMDV,3
TMDX,0
TME,43
TMF,3
TMFC,3
TMHC,0
TMKR,3
TMKRU,3
TMKRW,11
TMO,38
TMP,27
TMPM,3
TMPMU,3
TMQ,11
TMST,31
TMTS,3
TMTSU,3
TMUS,25
TMV,3
TMX,0
TNA,3
TNC,42
TNDM,0
TNET,0
TNK,49
TNL,3
TNP,42
TNXP,43
TOK,3
TOKE,3
TOL,0
TOLZ,3
TOMZ,44
TOPS,11
TOT,2
TOTL,3
TOUR,11
TOWN,42
TPAY,3
TPB,0
TPC,0
TPCO,41
TPGY,3
TPH,0
TPHD,3
TPHS,9
TPIC,0
TPIF,3
TPL,14
TPLC,3
TPOR,3
TPR,0
TPSC,3
TPTX,0
TPVG,2
TPX,0
TPYP,3
TPZ,41
TQQQ,12
TR,49
TRC,0
TRCH,43
TREB,3
TREC,49
TREE,13
TREX,31
TRGP,42
TRHC,13
TRI,25
TRIB,11
TRIL,0
TRIN,3
TRIP,13
TRIT,13
TRMB,0
TRMD,41
TRMK,42
TRMT,3
TRN,31
TRND,3
TRNO,42
TRNS,0
TROW,32
TROX,49
TRP,27
TRQ,25
TRS,0
TRST,42
TRT,44
TRTN,27
TRTX,42
TRTY,3
TRU,0
TRUE,31
TRUP,0
TRV,32
TRVG,11
TRVI,11
TRVN,11
TRX,11
TRXC,12
TS,3
TSBK,42
TSC,0
TSCAP,41
TSCBP,41
TSCO,27
TSE,0
TSEM,0
TSHA,31
TSI,41
TSIA,3
TSIAU,3
TSIBU,3
TSJA,3
TSLA,12
TSLX,2
TSM,38
TSN,38
TSOC,3
TSQ,49
TSRI,49
TT,0
TTAC,3
TTAI,3
TTC,27
TTCF,25
TTD,0
TTEC,25
TTEK,0
TTGT,0
TTI,11
TTM,3
TTMI,31
TTNP,11
TTOO,11
TTP,2
TTT,3
TTWO,0
TU,42
TUFN,49
TUP,0
TUR,3
TURN,3
TUSA,3
TUSK,49
TV,3
TVAC,3
TVACU,3
TVACW,11
TVTY,13
TW,0
TWCT,3
TWCTU,0
TWI,0
TWIN,49
TWLO,0
TWLVU,16
TWM,3
TWN,27
TWND,3
TWNK,13
TWNKW,11
TWO,2
TWOU,13
TWST,0
TWTR,43
TX,27
TXG,0
TXMD,13
TXN,32
TXRH,0
TXT,0
TY,31
TYD,3
TYG,41
TYHT,11
TYL,0
TYME,44
TYO,3
TZA,3
TZOO,16
TZPSU,3
U,0
UA,0
UAA,0
UAE,3
UAL,43
UAMY,11
UAN,49
UAPR,3
UAUG,3
UAVS,13
UBA,42
UBCP,41
UBER,43
UBFO,42
UBOH,49
UBOT,3
UBP,25
UBR,3
UBS,27
UBSI,42
UBT,3
UBX,0
UCBI,42
UCBIO,41
UCC,3
UCIB,3
UCL,3
UCO,3
UCON,3
UCTT,0
UCYB,3
UDEC,3
UDN,3
UDOW,3
UDR,42
UE,42
UEC,11
UEIC,0
UEPS,3
UEVM,3
UFAB,49
UFCS,42
UFEB,3
UFI,0
UFO,3
UFPI,0
UFPT,0
UFS,0
UG,2
UGA,3
UGE,47
UGI,42
UGL,3
UGP,11
UGRO,3
UHAL,25
UHS,27
UHT,27
UI,25
UIHC,25
UIS,31
UITB,3
UIVM,3
UJAN,3
UJB,3
UJUL,3
UJUN,3
UK,11
UL,27
ULBI,0
ULE,3
ULH,25
ULST,3
ULTA,0
ULTR,3
ULVM,3
UMAR,3
UMAY,3
UMBF,27
UMC,3
UMDD,3
UMH,42
UMPQ,42
UNAM,25
UNB,41
UNF,27
UNFI,13
UNG,3
UNH,7
UNIT,2
UNL,3
UNM,27
UNOV,3
UNP,32
UNTY,49
UNVR,0
UOCT,3
UONE,3
UONEK,44
UPLD,31
UPRO,3
UPS,38
UPST,49
UPV,3
UPW,3
UPWK,20
URA,3
URBN,19
URE,3
URG,11
URGN,31
URI,0
URNM,3
UROV,25
URTH,3
URTY,3
USA,2
USAC,2
USAI,3
USAK,49
USAP,0
USAS,11
USAT,49
USAU,49
USB,27
USCI,3
USCR,0
USD,3
USDP,2
USDU,3
USEG,49
USEP,3
USEQ,3
USFD,0
USFR,3
USHG,3
USHY,3
USI,3
USIG,3
USIO,49
USL,3
USLB,3
USLM,25
USM,25
USMC,3
USMF,3
USML,3
USMV,3
USNA,49
USO,3
USOI,3
USPH,31
USRT,3
USSG,3
UST,3
USTB,3
USVM,3
USWS,11
USX,49
USXF,3
UTES,3
UTF,2
UTG,2
UTHR,0
UTI,0
UTL,42
UTMD,42
UTRN,3
UTSI,44
UTSL,3
UTZ,0
UUP,3
UUU,49
UUUU,13
UVE,42
UVSP,42
UVV,32
UVXY,33
UWM,3
UWMC,43
UXI,3
UXIN,11
UYG,3
UYM,3
V,7
VABS,3
VAC,0
VACQ,3
VACQU,0
VALE,12
VALQ,3
VALT,3
VALU,25
VAMO,3
VAPO,13
VAR,0
VAW,3
VB,3
VBF,41
VBFC,25
VBIV,13
VBK,3
VBLT,11
VBND,3
VBR,3
VBTX,0
VC,0
VCAR,3
VCEB,3
VCEL,0
VCF,41
VCIF,41
VCIT,3
VCKA,3
VCKAU,3
VCKAW,11
VCLO,3
VCLT,3
VCNX,11
VCR,3
VCRA,13
VCSH,3
VCTR,31
VCV,41
VCVC,3
VCVCU,3
VCYT,0
VDC,3
VDE,27
VEA,43
VEC,0
VECO,31
VEDL,41
VEEV,0
VEGA,3
VEGI,3
VEGN,3
VEL,40
VELOU,3
VENAU,3
VEON,44
VER,42
VERB,11
VERI,49
VERO,11
VERU,49
VERX,0
VERY,0
VET,2
VETS,3
VEU,3
VFC,27
VFF,49
VFH,3
VFIN,3
VFL,41
VFLQ,3
VFMF,3
VFMO,3
VFMV,3
VFQY,3
VFVA,3
VG,0
VGAC,3
VGI,2
VGIT,3
VGK,3
VGLT,3
VGM,41
VGR,2
VGSH,3
VGT,3
VGZ,11
VHAQ,3
VHC,0
VHI,25
VHT,3
VIAC,13
VIACA,25
VIAO,3
VIAV,0
VICE,3
VICI,42
VICR,49
VIDI,3
VIE,37
VIG,3
VIGI,3
VIH,3
VIHAU,0
VII,3
VIIAU,3
VINC,25
VINCU,3
VINCW,11
VINO,11
VINP,3
VIOG,3
VIOO,3
VIOT,3
VIOV,3
VIPS,0
VIR,0
VIRC,11
VIRI,49
VIRS,3
VIRT,42
VIRX,3
VIS,3
VISL,43
VIST,11
VITL,25
VIV,2
VIVE,13
VIVO,0
VIXM,3
VIXY,3
VJET,49
VKI,41
VKQ,41
VKTX,13
VLDR,25
VLGEA,31
VLO,32
VLON,3
VLRS,3
VLT,2
VLU,3
VLUE,3
VLY,42
VLYPO,41
VLYPP,41
VMAC,3
VMACU,3
VMAR,25
VMBS,3
VMC,27
VMD,0
VMI,27
VMM,41
VMO,41
VMOT,3
VMW,0
VNCE,0
VNDA,13
VNE,31
VNET,0
VNLA,3
VNM,3
VNMC,3
VNO,42
VNOM,42
VNQ,27
VNQI,3
VNRX,44
VNSE,3
VNT,49
VNTR,44
VO,3
VOC,2
VOD,41
VOE,3
VOLT,44
VONE,3
VONG,3
VONV,3
VOO,3
VOOG,3
VOOV,3
VOR,3
VOSOU,3
VOT,3
VOX,3
VOXX,49
VOYA,31
VPC,3
VPG,0
VPL,3
VPN,3
VPOP,3
VPU,3
VPV,41
VRA,49
VRAI,3
VRAY,11
VRCA,31
VRDN,3
VREX,31
VRIG,3
VRM,0
VRME,11
VRNA,3
VRNS,0
VRNT,0
VRP,3
VRPX,11
VRRM,0
VRS,0
VRSK,27
VRSN,0
VRT,0
VRTS,32
VRTV,0
VRTX,0
VS,3
VSAT,13
VSDA,3
VSEC,0
VSGX,3
VSH,0
VSL,3
VSMV,3
VSPR,3
VSPRU,31
VSS,3
VST,42
VSTA,31
VSTM,11
VSTO,0
VT,3
VTA,2
VTAQ,3
VTAQU,3
VTC,3
VTEB,3
VTGN,11
VTHR,3
VTI,3
VTIP,3
VTIQ,16
VTIQU,16
VTIQW,11
VTN,41
VTNR,44
VTOL,0
VTR,27
VTRN,3
VTRS,43
VTRU,49
VTSI,3
VTV,3
VTVT,44
VTWG,3
VTWO,3
VTWV,3
VUG,3
VUSE,3
VUZI,13
VV,3
VVI,0
VVNT,0
VVOS,49
VVPR,25
VVR,2
VVV,0
VWID,3
VWO,43
VWOB,3
VXF,3
VXRT,13
VXUS,3
VXX,12
VYGG,3
VYGR,0
VYM,3
VYMI,3
VYNE,3
VZ,7
W,13
WAB,0
WABC,31
WAFD,42
WAFU,44
WAL,27
WANT,3
WASH,27
WAT,0
WATT,11
WB,0
WBA,38
WBAI,49
WBIE,3
WBIF,3
WBIG,3
WBII,3
WBIL,3
WBIN,3
WBIT,3
WBIY,3
WBK,42
WBND,3
WBS,27
WBT,0
WCBR,3
WCC,0
WCLD,3
WCN,0
WD,27
WDAY,0
WDC,0
WDFC,31
WDIV,3
WDR,42
WEA,41
WEAT,3
WEBL,3
WEBS,3
WEC,27
WEI,11
WELL,27
WEN,0
WERN,49
WES,2
WETF,31
WEX,0
WEYS,42
WF,3
WFC,12
WFG,49
WFH,3
WFHY,3
WFIG,3
WGO,0
WH,0
WHD,0
WHF,2
WHG,42
WHLM,49
WHLR,11
WHLRD,0
WHLRP,41
WHR,32
WIA,42
WIFI,0
WIL,3
WILC,25
WIMI,3
WINA,49
WINC,3
WING,0
WIP,3
WIRE,0
WISA,11
WISH,0
WIT,38
WIW,42
WIX,0
WIZ,3
WK,31
WKEY,3
WKHS,18
WLDN,31
WLDR,3
WLFC,25
WLK,25
WLKP,2
WLL,37
WLMS,11
WLTW,27
WM,27
WMB,2
WMC,2
WMG,0
WMK,31
WMS,0
WMT,28
WNC,31
WNEB,42
WNS,0
WNW,25
WOMN,3
WOOD,3
WOOF,0
WOR,49
WORK,13
WORX,11
WOW,0
WPC,32
WPF,3
WPG,46
WPM,0
WPP,42
WPRT,49
WPS,3
WRAP,13
WRB,49
WRE,42
WRI,42
WRK,42
WRLD,13
WRN,11
WSBC,42
WSBCP,41
WSBF,42
WSC,31
WSFS,0
WSM,27
WSO,32
WSR,2
WST,0
WSTG,42
WTBA,31
WTER,11
WTFC,27
WTFCM,41
WTFCP,29
WTI,11
WTM,40
WTMF,3
WTRE,49
WTREP,41
WTRG,31
WTRH,11
WTS,0
WTT,11
WTTR,0
WU,42
WUGI,3
WVE,31
WVFC,49
WVVI,49
WVVIP,3
WW,13
WWD,0
WWE,13
WWJD,3
WWOW,3
WWR,13
WWW,0
WY,42
WYNN,0
WYY,3
X,43
XAIR,49
XAR,3
XBI,3
XBIO,11
XBIT,31
XBUY,3
XCEM,3
XCUR,11
XDAT,3
XDIV,3
XEC,0
XEL,27
XELA,12
XELB,44
XENE,0
XENT,0
XERS,13
XES,3
XFLT,41
XFOR,0
XGN,37
XHB,3
XHE,3
XHR,42
XHS,3
XIN,2
XITK,3
XJH,3
XJR,3
XL,43
XLB,3
XLC,3
XLE,12
XLF,33
XLG,3
XLI,43
XLK,43
XLNX,27
XLP,43
XLRE,3
XLRN,0
XLSR,3
XLU,43
XLV,43
XLY,3
XM,3
XME,3
XMHQ,3
XMLV,3
XMMO,3
XMPT,3
XMVM,3
XNCR,31
XNET,3
XNTK,3
XOG,3
XOM,12
XOMA,0
XONE,49
XOP,43
XOUT,3
XP,25
XPDIU,3
XPEL,49
XPER,42
XPEV,43
XPH,3
XPL,11
XPO,0
XPOA,3
XPP,3
XRAY,0
XRLV,3
XRT,3
XRX,42
XSD,3
XSHD,3
XSHQ,3
XSLV,3
XSMO,3
XSOE,3
XSPA,13
XSVM,3
XSW,3
XT,3
XTL,3
XTLB,11
XTN,3
XTNT,11
XVV,3
XVZ,3
XWEB,3
XXII,11
XYF,11
XYL,27
XYLD,3
XYLG,3
Y,45
YAC,3
YALA,3
YANG,3
YCBD,44
YCL,3
YCS,3
YDEC,3
YELL,3
YELP,0
YETI,0
YEXT,31
YGMZ,25
YI,3
YINN,3
YJ,11
YLD,3
YLDE,3
YMAB,31
YMTX,3
YNDX,20
YOLO,3
YORW,42
YPF,11
YQ,3
YRD,11
YSAC,3
YSACU,3
YSG,3
YTEN,49
YTRA,11
YUM,27
YUMC,38
YVR,11
YXI,3
YY,0
YYY,3
Z,0
ZBH,27
ZBRA,0
ZCAN,3
ZCMD,44
ZDEU,3
ZDGE,49
ZEAL,3
ZEN,0
ZEPP,3
ZEUS,0
ZG,0
ZGBR,3
ZGNX,13
ZGYH,3
ZGYHU,3
ZHOK,3
ZI,0
ZIG,3
ZIM,3
ZION,27
ZIONN,41
ZIONO,41
ZIONP,41
ZIOP,13
ZIXI,0
ZJPN,3
ZKIN,25
ZLAB,0
ZM,0
ZNGA,43
ZNH,3
ZNTE,3
ZNTEU,3
ZNTL,31
ZOM,33
ZROZ,3
ZS,49
ZSAN,11
ZSL,3
ZTEST,3
ZTO,0
ZTR,42
ZTS,27
ZUMZ,0
ZUO,0
ZVO,0
ZVZZC,3
ZWRKU,3
ZYME,0
ZYNE,11
ZYXI,13
